	level_0	index	font-family	font-size	color	left	top	language	text	innerWidth	innerHeight	link	boxID	width	manga	page_width	page_height	id	font-weight	margin	text-align	-webkit-writing-mode	-webkit-text-orientation
0	0	0	 yasashisa-antique, sans-serif	20.0	[' 0', '0', '0']	641.0	676.0	jp	"あ〜っ
すごい"	64	72	https://bilingualmanga.com/manga/doraemon-long-stories/chapter-1/1-2	0		Doraemon_Long_Stories	800	1257	0					
1	1	1	 yasashisa-antique, sans-serif	20.0	[' 0', '0', '0']	410.0	669.0	jp	"みて
みて！
あれ"	90	72	https://bilingualmanga.com/manga/doraemon-long-stories/chapter-1/1-2	1		Doraemon_Long_Stories	800	1257	0					
2	2	2	 yasashisa-antique, sans-serif	20.0	[' 0', '0', '0']	286.0	977.0	jp	"ラジコン
だよ"	64	92	https://bilingualmanga.com/manga/doraemon-long-stories/chapter-1/1-2	2		Doraemon_Long_Stories	800	1257	0					
3	3	3	 yasashisa-antique, sans-serif	20.0	[' 0', '0', '0']	144.0	668.0	jp	"あんなの
売
う
って
ないわよ"	100	92	https://bilingualmanga.com/manga/doraemon-long-stories/chapter-1/1-2	3		Doraemon_Long_Stories	800	1257	0					
4	4	4	 yasashisa-antique, sans-serif	20.0	[' 0', '0', '0']	34.0	668.0	jp	"作
つく
った
んだろ"	74	72	https://bilingualmanga.com/manga/doraemon-long-stories/chapter-1/1-2	4		Doraemon_Long_Stories	800	1257	0					
5	5	5	 yasashisa-antique, sans-serif	20.0	[' 0', '0', '0']	35.0	930.0	jp	"スネ
夫
お
の
いとこに
模
も
型
けい
作
づく
りの
天
てん
才
さい
が
いるんだ"	208	92	https://bilingualmanga.com/manga/doraemon-long-stories/chapter-1/1-2	5		Doraemon_Long_Stories	800	1257	0					
6	0	6	 anime-ace, sans-serif	15.0	[' 0', '0', '0']	613.0	684.0	en	AH, THAT'S AWESOME!	108	50	https://bilingualmanga.com/manga/doraemon-long-stories/chapter-1/1-2	0	108.0	Doraemon_Long_Stories	800	1257	0					
7	1	7	 anime-ace, sans-serif	15.0	[' 0', '0', '0']	409.0	677.0	en	LOOK AT THAT!	105	50	https://bilingualmanga.com/manga/doraemon-long-stories/chapter-1/1-2	1	105.0	Doraemon_Long_Stories	800	1257	0					
8	2	8	 anime-ace, sans-serif	15.0	[' 0', '0', '0']	141.0	676.0	en	"ISN'T IT 
A RADIO CONTROL?"	105	69	https://bilingualmanga.com/manga/doraemon-long-stories/chapter-1/1-2	3	105.0	Doraemon_Long_Stories	800	1257	0					
9	3	9	 anime-ace, sans-serif	15.0	[' 0', '0', '0']	24.0	655.0	en	BUT I NEVER SAW ONE LIKE THAT	98	107	https://bilingualmanga.com/manga/doraemon-long-stories/chapter-1/1-2	4	98.0	Doraemon_Long_Stories	800	1257	0					
10	4	10	 anime-ace, sans-serif	15.0	[' 0', '0', '0']	271.0	967.0	en	BECAUSE IT WAS SPECIALLY HAND MADE	115	107	https://bilingualmanga.com/manga/doraemon-long-stories/chapter-1/1-2	2	115.0	Doraemon_Long_Stories	800	1257	0					
11	5	11	 anime-ace, sans-serif	15.0	[' 0', '0', '0']	42.0	932.0	en	SUNEO'S COUSIN IS AN EXPERT FOR THIS KIND OF MODELING THING	187	88	https://bilingualmanga.com/manga/doraemon-long-stories/chapter-1/1-2	5	187.0	Doraemon_Long_Stories	800	1257	0					
0	0	0	 yasashisa-antique, sans-serif	20.0	[' 0', '0', '0']	686.0	93.0	jp	"よく
わかった
な"	90	92	https://bilingualmanga.com//manga/doraemon-long-stories/chapter-1/1-3	0		Doraemon_Long_Stories	800	1288	1					
1	1	1	 yasashisa-antique, sans-serif	20.0	[' 0', '0', '0']	563.0	96.0	jp	"どうだ
おどろい
たろ"	90	92	https://bilingualmanga.com//manga/doraemon-long-stories/chapter-1/1-3	1		Doraemon_Long_Stories	800	1288	1					
2	2	2	 yasashisa-antique, sans-serif	20.0	[' 0', '0', '0']	299.0	94.0	jp	べつに	38	72	https://bilingualmanga.com//manga/doraemon-long-stories/chapter-1/1-3	2		Doraemon_Long_Stories	800	1288	1					
3	3	3	 yasashisa-antique, sans-serif	20.0	[' 0', '0', '0']	708.0	364.0	jp	"べつに
だって!"	64	92	https://bilingualmanga.com//manga/doraemon-long-stories/chapter-1/1-3	3		Doraemon_Long_Stories	800	1288	1					
4	4	4	 yasashisa-antique, sans-serif	20.0	[' 0', '0', '0']	586.0	368.0	jp	"おまえ
すなおじゃ
ないなあ"	90	112	https://bilingualmanga.com//manga/doraemon-long-stories/chapter-1/1-3	4		Doraemon_Long_Stories	800	1288	1					
5	5	5	 yasashisa-antique, sans-serif	20.0	[' 0', '0', '0']	231.0	368.0	jp	"おどろいたら
おどろいたと
うらやましい
ならうらやま
しいと
はっきり…"	168	132	https://bilingualmanga.com//manga/doraemon-long-stories/chapter-1/1-3	5		Doraemon_Long_Stories	800	1288	1					
6	6	6	 yasashisa-antique, sans-serif	20.0	[' 0', '0', '0']	77.0	375.0	jp	"だって
うらやましく
ないもん"	90	132	https://bilingualmanga.com//manga/doraemon-long-stories/chapter-1/1-3	6		Doraemon_Long_Stories	800	1288	1					
7	7	7	 yasashisa-antique, sans-serif	20.0	[' 0', '0', '0']	693.0	645.0	jp	"アタッ
ク！"	64	72	https://bilingualmanga.com//manga/doraemon-long-stories/chapter-1/1-3	7		Doraemon_Long_Stories	800	1288	1					
8	8	8	 yasashisa-antique, sans-serif	20.0	[' 0', '0', '0']	461.0	902.0	jp	"なんだい！
たかが
おもちゃ
じゃないか"	116	112	https://bilingualmanga.com//manga/doraemon-long-stories/chapter-1/1-3	8		Doraemon_Long_Stories	800	1288	1					
9	9	9	 yasashisa-antique, sans-serif	20.0	[' 0', '0', '0']	285.0	913.0	jp	"あんなの
ちっとも
うらやま
しく…"	116	92	https://bilingualmanga.com//manga/doraemon-long-stories/chapter-1/1-3	9		Doraemon_Long_Stories	800	1288	1					
10	0	10	 anime-ace, sans-serif	15.0	[' 0', '0', '0']	680.0	91.0	en	I'M GLAD YOU UNDER-STAND	100	88	https://bilingualmanga.com//manga/doraemon-long-stories/chapter-1/1-3	0	100.0	Doraemon_Long_Stories	800	1288	1					
11	1	11	 anime-ace, sans-serif	15.0	[' 0', '0', '0']	559.0	95.0	en	AREN'T YOU AMAZED BY IT?	109	88	https://bilingualmanga.com//manga/doraemon-long-stories/chapter-1/1-3	1	109.0	Doraemon_Long_Stories	800	1288	1					
12	2	12	 anime-ace, sans-serif	15.0	[' 0', '0', '0']	266.0	102.0	en	NOT AT ALL	105	50	https://bilingualmanga.com//manga/doraemon-long-stories/chapter-1/1-3	2	105.0	Doraemon_Long_Stories	800	1288	1					
13	3	13	 anime-ace, sans-serif	15.0	[' 0', '0', '0']	688.0	367.0	en	"WHAT'S WITH ""NOT AT ALL""?"	93	88	https://bilingualmanga.com//manga/doraemon-long-stories/chapter-1/1-3	3	93.0	Doraemon_Long_Stories	800	1288	1					
14	4	14	 anime-ace, sans-serif	15.0	[' 0', '0', '0']	579.0	393.0	en	YOU'RE LYING!	97	50	https://bilingualmanga.com//manga/doraemon-long-stories/chapter-1/1-3	4	97.0	Doraemon_Long_Stories	800	1288	1					
15	5	15	 anime-ace, sans-serif	15.0	[' 0', '0', '0']	198.0	376.0	en	IF YOU'RE AMAZED, SAY YOU'RE AMAZED. IF YOU'RE JEALOUS, SAY YOU'RE JEALOUS. DON'T MAKE THINGS COMPLICATED!	221	126	https://bilingualmanga.com//manga/doraemon-long-stories/chapter-1/1-3	5	221.0	Doraemon_Long_Stories	800	1288	1					
16	6	16	 anime-ace, sans-serif	15.0	[' 0', '0', '0']	66.0	370.0	en	THAT'S WHY I TOLD YOU I'M NOT JEALOUS AT ALL	112	126	https://bilingualmanga.com//manga/doraemon-long-stories/chapter-1/1-3	6	112.0	Doraemon_Long_Stories	800	1288	1					
17	7	17	 anime-ace, sans-serif	15.0	[' 0', '0', '0']	441.0	903.0	en	WHAT WAS THAT!? IT WAS JUST A TOY AFTER ALL!	157	88	https://bilingualmanga.com//manga/doraemon-long-stories/chapter-1/1-3	8	157.0	Doraemon_Long_Stories	800	1288	1					
18	8	18	 anime-ace, sans-serif	13.0	[' 0', '0', '0']	253.0	915.0	en	WHY DO I HAVE TO BE JEALOUS OVER THAT STUPID THING?	159	76	https://bilingualmanga.com//manga/doraemon-long-stories/chapter-1/1-3	9	159.0	Doraemon_Long_Stories	800	1288	1					
19	9	19	 dom, sans-serif	30.0	[' 0', '0', '0']	673.0	655.0	en	ATTACK!	116	51	https://bilingualmanga.com//manga/doraemon-long-stories/chapter-1/1-3	7	116.0	Doraemon_Long_Stories	800	1288	1					
0	0	0	 yasashisa-antique, sans-serif	20.0	[' 0', '0', '0']	348.0	137.0	jp	"スネ
夫
お
を
ギャフンと
いわせ
たい"	126	112	https://bilingualmanga.com//manga/doraemon-long-stories/chapter-1/1-4	0		Doraemon_Long_Stories	800	1288	2					
1	1	1	 yasashisa-antique, sans-serif	20.0	[' 0', '0', '0']	189.0	133.0	jp	"ビルみたいに
でっかい
ロボット
だして"	116	132	https://bilingualmanga.com//manga/doraemon-long-stories/chapter-1/1-4	1		Doraemon_Long_Stories	800	1288	2					
2	2	2	 yasashisa-antique, sans-serif	20.0	[' 0', '0', '0']	600.0	404.0	jp	"きがるに
いって
くれる
なぁ"	116	92	https://bilingualmanga.com//manga/doraemon-long-stories/chapter-1/1-4	2		Doraemon_Long_Stories	800	1288	2					
3	3	3	 yasashisa-antique, sans-serif	20.0	[' 0', '0', '0']	266.0	404.0	jp	"そんな
でっかい
ロポットが
いったい
いくらする
と
思
おも
って
んだ！"	204	112	https://bilingualmanga.com//manga/doraemon-long-stories/chapter-1/1-4	3		Doraemon_Long_Stories	800	1288	2					
4	4	4	 yasashisa-antique, sans-serif	20.0	[' 0', '0', '0']	31.0	423.0	jp	"ったくもう
…………
ただでさえ
この
暑
あつ
さに
ゲンナリ…"	152	112	https://bilingualmanga.com//manga/doraemon-long-stories/chapter-1/1-4	4		Doraemon_Long_Stories	800	1288	2					
5	5	5	 yasashisa-antique, sans-serif	20.0	[' 0', '0', '0']	267.0	676.0	jp	"すずみに
いって
くる"	90	92	https://bilingualmanga.com//manga/doraemon-long-stories/chapter-1/1-4	5		Doraemon_Long_Stories	800	1288	2					
6	6	6	 yasashisa-antique, sans-serif	20.0	[' 0', '0', '0']	91.0	677.0	jp	"きみは
夏
なつ
休
やす
みの
宿題
しゅくだい
でも
して
ろ！"	162	102	https://bilingualmanga.com//manga/doraemon-long-stories/chapter-1/1-4	6		Doraemon_Long_Stories	800	1288	2					
7	7	7	 yasashisa-antique, sans-serif	20.0	[' 0', '0', '0']	31.0	951.0	jp	"なにも
そんなに
いわなく
ても…
暑
あつ
い
からって
やつあたりは
やめてくれ"	230	132	https://bilingualmanga.com//manga/doraemon-long-stories/chapter-1/1-4	7		Doraemon_Long_Stories	800	1288	2					
8	8	8	 yasashisa-antique, sans-serif	30.0	[' 0', '0', '0']	558.0	134.0	jp	"うら
やま
しい"	129	72	https://bilingualmanga.com//manga/doraemon-long-stories/chapter-1/1-4	8		Doraemon_Long_Stories	800	1288	2					
9	9	9	 yasashisa-antique, sans-serif	25.0	[' 0', '0', '0']	524.0	673.0	jp	"あ〜
いやだ
いやだ"	108	87	https://bilingualmanga.com//manga/doraemon-long-stories/chapter-1/1-4	9		Doraemon_Long_Stories	800	1288	2					
10	0	10	 hl-comic2, sans-serif	18.0	[' 0', '0', '0']	548.0	138.0	en	I'M SO JEALOUS!!	141	58	https://bilingualmanga.com//manga/doraemon-long-stories/chapter-1/1-4	8	141.0	Doraemon_Long_Stories	800	1288	2					
11	1	11	 anime-ace, sans-serif	15.0	[' 0', '0', '0']	369.0	144.0	en	I WANNA SURPRISE HIM TOO	109	69	https://bilingualmanga.com//manga/doraemon-long-stories/chapter-1/1-4	0	109.0	Doraemon_Long_Stories	800	1288	2					
12	2	12	 anime-ace, sans-serif	15.0	[' 0', '0', '0']	195.0	132.0	en	CAN YOU TAKE OUT A ROBOT THAT IS TALL AS A BUILDING?	132	107	https://bilingualmanga.com//manga/doraemon-long-stories/chapter-1/1-4	1	132.0	Doraemon_Long_Stories	800	1288	2					
13	3	13	 anime-ace, sans-serif	15.0	[' 0', '0', '0']	614.0	411.0	en	YOU'RE SO SIMPLE	96	69	https://bilingualmanga.com//manga/doraemon-long-stories/chapter-1/1-4	2	96.0	Doraemon_Long_Stories	800	1288	2					
14	4	14	 anime-ace, sans-serif	15.0	[' 0', '0', '0']	259.0	408.0	en	"DID YOU EVER THINK HOW MUCH IT WOULD COST ME TO BUY 
SUCH A BIG ROBOT?"	239	88	https://bilingualmanga.com//manga/doraemon-long-stories/chapter-1/1-4	3	239.0	Doraemon_Long_Stories	800	1288	2					
15	5	15	 anime-ace, sans-serif	15.0	[' 0', '0', '0']	46.0	424.0	en	JEEZ... I CAN'T STAND THIS HEAT ANYMORE...	118	107	https://bilingualmanga.com//manga/doraemon-long-stories/chapter-1/1-4	4	118.0	Doraemon_Long_Stories	800	1288	2					
16	6	16	 anime-ace, sans-serif	15.0	[' 0', '0', '0']	257.0	679.0	en	"I WANNA COOL DOWN 
A BIT"	115	88	https://bilingualmanga.com//manga/doraemon-long-stories/chapter-1/1-4	5	115.0	Doraemon_Long_Stories	800	1288	2					
17	7	17	 anime-ace, sans-serif	13.0	[' 0', '0', '0']	85.0	671.0	en	AS FOR YOU, JUST DO YOUR HOMEWORK	142	60	https://bilingualmanga.com//manga/doraemon-long-stories/chapter-1/1-4	6	142.0	Doraemon_Long_Stories	800	1288	2					
18	8	18	 anime-ace, sans-serif	13.0	[' 0', '0', '0']	142.0	720.0	en	IF YOU HAVE NOTHING ELSE TO DO.	116	60	https://bilingualmanga.com//manga/doraemon-long-stories/chapter-1/1-4	6	116.0	Doraemon_Long_Stories	800	1288	2					
19	9	19	 anime-ace, sans-serif	15.0	[' 0', '0', '0']	40.0	954.0	en	WHY DID YOU HAVE TO BE SO RUDE? JEEZ, THE HEAT MUST HAVE GOT IN TO HIS HEAD!	224	88	https://bilingualmanga.com//manga/doraemon-long-stories/chapter-1/1-4	7	224.0	Doraemon_Long_Stories	800	1288	2					
20	10	20	 hl-comic2, sans-serif	25.0	[' 0', '0', '0']	519.0	679.0	en	NO WAY! NO WAY!	107	76	https://bilingualmanga.com//manga/doraemon-long-stories/chapter-1/1-4	9	107.0	Doraemon_Long_Stories	800	1288	2					
0	0	0	 yasashisa-antique, sans-serif	21.0	[' 0', '0', '0']	682.0	93.0	jp	"宿題
しゅくだい
しろ
だって？"	76	107	https://bilingualmanga.com//manga/doraemon-long-stories/chapter-1/1-5	0		Doraemon_Long_Stories	800	1279	3					
1	1	1	 yasashisa-antique, sans-serif	21.0	[' 0', '0', '0']	548.0	99.0	jp	"よけいな
おせわ
だよ…"	93	96	https://bilingualmanga.com//manga/doraemon-long-stories/chapter-1/1-5	1		Doraemon_Long_Stories	800	1279	3					
2	2	2	 yasashisa-antique, sans-serif	21.0	[' 0', '0', '0']	207.0	110.0	jp	"暑
あつ
い
なあ！"	76	75	https://bilingualmanga.com//manga/doraemon-long-stories/chapter-1/1-5	2		Doraemon_Long_Stories	800	1279	3					
3	3	3	 yasashisa-antique, sans-serif	21.0	[' 0', '0', '0']	77.0	112.0	jp	"昼
ひる
寝
ね
も
できない"	76	96	https://bilingualmanga.com//manga/doraemon-long-stories/chapter-1/1-5	3		Doraemon_Long_Stories	800	1279	3					
4	4	4	 yasashisa-antique, sans-serif	21.0	[' 0', '0', '0']	373.0	630.0	jp	"なんだ
ここは
南
なん
極
きょく
か
北
ほっ
極
きょく
か？"	140	107	https://bilingualmanga.com//manga/doraemon-long-stories/chapter-1/1-5	4		Doraemon_Long_Stories	800	1279	3					
5	5	5	 yasashisa-antique, sans-serif	21.0	[' 0', '0', '0']	675.0	353.0	jp	"ぼくも
すずみに
いこう"	93	96	https://bilingualmanga.com//manga/doraemon-long-stories/chapter-1/1-5	5		Doraemon_Long_Stories	800	1279	3					
6	6	6	 yasashisa-antique, sans-serif	35.0	[' 0', '0', '0']	84.0	373.0	jp	"寒
さむ
い"	74	82	https://bilingualmanga.com//manga/doraemon-long-stories/chapter-1/1-5	6		Doraemon_Long_Stories	800	1279	3					
7	0	7	 anime-ace, sans-serif	15.0	[' 0', '0', '0']	659.0	97.0	en	"HE ASKED ME TO 
DO MY HOMEWORK
!?"	121	107	https://bilingualmanga.com//manga/doraemon-long-stories/chapter-1/1-5	0	121.0	Doraemon_Long_Stories	800	1279	3					
8	1	8	 anime-ace, sans-serif	15.0	[' 0', '0', '0']	552.0	111.0	en	IT WAS TOO MUCH!	81	69	https://bilingualmanga.com//manga/doraemon-long-stories/chapter-1/1-5	1	81.0	Doraemon_Long_Stories	800	1279	3					
9	2	9	 anime-ace, sans-serif	15.0	[' 0', '0', '0']	215.0	114.0	en	THIS IS HOT!!	75	69	https://bilingualmanga.com//manga/doraemon-long-stories/chapter-1/1-5	2	75.0	Doraemon_Long_Stories	800	1279	3					
10	3	10	 anime-ace, sans-serif	15.0	[' 0', '0', '0']	82.0	123.0	en	I CAN'T TAKE A NAP	83	69	https://bilingualmanga.com//manga/doraemon-long-stories/chapter-1/1-5	3	83.0	Doraemon_Long_Stories	800	1279	3					
11	4	11	 anime-ace, sans-serif	15.0	[' 0', '0', '0']	63.0	376.0	en	THIS IS TOO COLD!	111	69	https://bilingualmanga.com//manga/doraemon-long-stories/chapter-1/1-5	6	111.0	Doraemon_Long_Stories	800	1279	3					
12	5	12	 anime-ace, sans-serif	13.0	[' 0', '0', '0']	662.0	370.0	en	I WANNA GO SOMEWHERE COLD TOO	120	60	https://bilingualmanga.com//manga/doraemon-long-stories/chapter-1/1-5	5	120.0	Doraemon_Long_Stories	800	1279	3					
13	6	13	 hl-comic2, sans-serif	18.0	[' 0', '0', '0']	357.0	629.0	en	WHAT IS THIS PLACE? A SOUTH POLE? A NORTH POLE!?	168	104	https://bilingualmanga.com//manga/doraemon-long-stories/chapter-1/1-5	4	168.0	Doraemon_Long_Stories	800	1279	3					
0	0	0	 yasashisa-antique, sans-serif	21.0	[' 0', '0', '0']	265.0	143.0	jp	"でて
こい
よ〜"	93	54	https://bilingualmanga.com//manga/doraemon-long-stories/chapter-1/1-6	0		Doraemon_Long_Stories	800	1285	4					
1	1	1	 yasashisa-antique, sans-serif	21.0	[' 0', '0', '0']	207.0	257.0	jp	"もう
無
む
理
り
いわない
から"	103	96	https://bilingualmanga.com//manga/doraemon-long-stories/chapter-1/1-6	1		Doraemon_Long_Stories	800	1285	4					
2	2	2	 yasashisa-antique, sans-serif	21.0	[' 0', '0', '0']	578.0	764.0	jp	"アハハ
あんな
とこで
すねてる"	120	96	https://bilingualmanga.com//manga/doraemon-long-stories/chapter-1/1-6	2		Doraemon_Long_Stories	800	1285	4					
3	3	3	 yasashisa-antique, sans-serif	21.0	[' 0', '0', '0']	192.0	402.0	jp	"み〜つ
けた！"	66	75	https://bilingualmanga.com//manga/doraemon-long-stories/chapter-1/1-6	3		Doraemon_Long_Stories	800	1285	4					
4	4	4	 yasashisa-antique, sans-serif	30.0	[' 0', '0', '0']	503.0	289.0	jp	"ドラ
えも
〜ん"	129	72	https://bilingualmanga.com//manga/doraemon-long-stories/chapter-1/1-6	4		Doraemon_Long_Stories	800	1285	4					
5	5	5	 yasashisa-antique, sans-serif	21.0	[' 0', '0', '0']	31.0	673.0	jp	"……
なんだ
こりゃ"	93	75	https://bilingualmanga.com//manga/doraemon-long-stories/chapter-1/1-6	5		Doraemon_Long_Stories	800	1285	4					
6	6	6	 yasashisa-antique, sans-serif	20.0	[' 0', '0', '0']	598.0	937.0	jp	"小
ちい
さな
穴
あな
が
三つ
……"	136	72	https://bilingualmanga.com//manga/doraemon-long-stories/chapter-1/1-6	6		Doraemon_Long_Stories	800	1285	4					
7	0	7	 anime-ace, sans-serif	15.0	[' 0', '0', '0']	265.0	139.0	en	PLEASE COME OUT!	90	69	https://bilingualmanga.com//manga/doraemon-long-stories/chapter-1/1-6	0	90.0	Doraemon_Long_Stories	800	1285	4					
8	1	8	 anime-ace, sans-serif	15.0	[' 0', '0', '0']	202.0	263.0	en	I'M NOT GONNA BUG YOU ANYMORE	106	88	https://bilingualmanga.com//manga/doraemon-long-stories/chapter-1/1-6	1	106.0	Doraemon_Long_Stories	800	1285	4					
9	2	9	 anime-ace, sans-serif	15.0	[' 0', '0', '0']	577.0	757.0	en	AHAHA, SO YOU'RE HIDING THERE, HUH?	119	107	https://bilingualmanga.com//manga/doraemon-long-stories/chapter-1/1-6	2	119.0	Doraemon_Long_Stories	800	1285	4					
10	3	10	 anime-ace, sans-serif	15.0	[' 0', '0', '0']	177.0	404.0	en	I'VE FOUND YOU!	88	69	https://bilingualmanga.com//manga/doraemon-long-stories/chapter-1/1-6	3	88.0	Doraemon_Long_Stories	800	1285	4					
11	4	11	 anime-ace, sans-serif	15.0	[' 0', '0', '0']	36.0	680.0	en	WHAT IS IT?	82	50	https://bilingualmanga.com//manga/doraemon-long-stories/chapter-1/1-6	5	82.0	Doraemon_Long_Stories	800	1285	4					
12	5	12	 hl-comic2, sans-serif	20.0	[' 0', '0', '0']	495.0	288.0	en	DORAE-MOOON!	135	64	https://bilingualmanga.com//manga/doraemon-long-stories/chapter-1/1-6	4	135.0	Doraemon_Long_Stories	800	1285	4					
13	6	13	 anime-ace, sans-serif	13.0	[' 0', '0', '0']	614.0	939.0	en	IT HAS THREE LITTLE HOLES ON IT	117	60	https://bilingualmanga.com//manga/doraemon-long-stories/chapter-1/1-6	6	117.0	Doraemon_Long_Stories	800	1285	4					
0	0	0	 yasashisa-antique, sans-serif	21.0	[' 0', '0', '0']	264.0	928.0	jp	"寒
さむ
い
……"	76	54	https://bilingualmanga.com//manga/doraemon-long-stories/chapter-1/1-7	0		Doraemon_Long_Stories	800	1299	5					
1	1	1	 yasashisa-antique, sans-serif	21.0	[' 0', '0', '0']	70.0	922.0	jp	"もって
帰
かえ
ろう
ドラえもん
なら
わかるかも"	157	117	https://bilingualmanga.com//manga/doraemon-long-stories/chapter-1/1-7	1		Doraemon_Long_Stories	800	1299	5					
2	0	2	 anime-ace, sans-serif	15.0	[' 0', '0', '0']	258.0	927.0	en	I'M COLD	85	50	https://bilingualmanga.com//manga/doraemon-long-stories/chapter-1/1-7	0	85.0	Doraemon_Long_Stories	800	1299	5					
3	1	3	 anime-ace, sans-serif	15.0	[' 0', '0', '0']	76.0	919.0	en	I'LL BRING THIS HOME. DORAEMON MIGHT KNOW SOMETHING ABOUT IT	140	126	https://bilingualmanga.com//manga/doraemon-long-stories/chapter-1/1-7	1	140.0	Doraemon_Long_Stories	800	1299	5					
0	0	0	 yasashisa-antique, sans-serif	21.0	[' 0', '0', '0']	661.0	137.0	jp	ウ！	39	54	https://bilingualmanga.com//manga/doraemon-long-stories/chapter-1/1-8	0		Doraemon_Long_Stories	800	1273	6					
1	1	1	 yasashisa-antique, sans-serif	21.0	[' 0', '0', '0']	311.0	140.0	jp	"重
おも
い
なあ"	76	54	https://bilingualmanga.com//manga/doraemon-long-stories/chapter-1/1-8	1		Doraemon_Long_Stories	800	1273	6					
2	2	2	 yasashisa-antique, sans-serif	21.0	[' 0', '0', '0']	58.0	416.0	jp	"ドラえ
も〜ん"	66	75	https://bilingualmanga.com//manga/doraemon-long-stories/chapter-1/1-8	2		Doraemon_Long_Stories	800	1273	6					
3	3	3	 yasashisa-antique, sans-serif	21.0	[' 0', '0', '0']	396.0	667.0	jp	"しょう
がない
なあ"	93	75	https://bilingualmanga.com//manga/doraemon-long-stories/chapter-1/1-8	3		Doraemon_Long_Stories	800	1273	6					
4	4	4	 yasashisa-antique, sans-serif	21.0	[' 0', '0', '0']	553.0	816.0	jp	"どこへ
いったん
だ"	93	96	https://bilingualmanga.com//manga/doraemon-long-stories/chapter-1/1-8	4		Doraemon_Long_Stories	800	1273	6					
5	5	5	 yasashisa-antique, sans-serif	18.0	[' 0', '0', '0']	403.0	397.0	jp	"とても
一
ひと
人
り
じゃ
無
む
理
り
だよ"	145	66	https://bilingualmanga.com//manga/doraemon-long-stories/chapter-1/1-8	5		Doraemon_Long_Stories	800	1273	6					
6	0	6	 anime-ace, sans-serif	15.0	[' 0', '0', '0']	640.0	144.0	en	WAAA!	80	31	https://bilingualmanga.com//manga/doraemon-long-stories/chapter-1/1-8	0	80.0	Doraemon_Long_Stories	800	1273	6					
7	1	7	 anime-ace, sans-serif	15.0	[' 0', '0', '0']	296.0	141.0	en	THIS IS HEAVY!	106	50	https://bilingualmanga.com//manga/doraemon-long-stories/chapter-1/1-8	1	106.0	Doraemon_Long_Stories	800	1273	6					
8	2	8	 anime-ace, sans-serif	15.0	[' 0', '0', '0']	406.0	401.0	en	IT'S REALLY A BURDEN FOR ME ALONE!	149	69	https://bilingualmanga.com//manga/doraemon-long-stories/chapter-1/1-8	5	149.0	Doraemon_Long_Stories	800	1273	6					
9	3	9	 anime-ace, sans-serif	15.0	[' 0', '0', '0']	34.0	430.0	en	DORAE-MOOON!	123	50	https://bilingualmanga.com//manga/doraemon-long-stories/chapter-1/1-8	2	123.0	Doraemon_Long_Stories	800	1273	6					
10	4	10	 anime-ace, sans-serif	15.0	[' 0', '0', '0']	381.0	664.0	en	WHERE COULD HE POSSIBLY GO?	124	88	https://bilingualmanga.com//manga/doraemon-long-stories/chapter-1/1-8	3	124.0	Doraemon_Long_Stories	800	1273	6					
11	5	11	 anime-ace, sans-serif	15.0	[' 0', '0', '0']	552.0	844.0	en	CAN'T BE HELPED	98	50	https://bilingualmanga.com//manga/doraemon-long-stories/chapter-1/1-8	4	98.0	Doraemon_Long_Stories	800	1273	6					
0	0	0	 yasashisa-antique, sans-serif	21.0	[' 0', '0', '0']	438.0	374.0	jp	"なあに
今
いま
の
音
おと
？"	76	96	https://bilingualmanga.com//manga/doraemon-long-stories/chapter-1/1-9	0		Doraemon_Long_Stories	800	1301	7					
1	1	1	 yasashisa-antique, sans-serif	21.0	[' 0', '0', '0']	120.0	376.0	jp	"あ
いや
ご
心
しん
配
ぱい
なく"	130	75	https://bilingualmanga.com//manga/doraemon-long-stories/chapter-1/1-9	1		Doraemon_Long_Stories	800	1301	7					
2	2	2	 yasashisa-antique, sans-serif	21.0	[' 0', '0', '0']	649.0	677.0	jp	"苦
く
労
ろう
して
もってきた
けど…"	103	117	https://bilingualmanga.com//manga/doraemon-long-stories/chapter-1/1-9	2		Doraemon_Long_Stories	800	1301	7					
3	3	3	 yasashisa-antique, sans-serif	21.0	[' 0', '0', '0']	436.0	638.0	jp	"いったい
なんの
機
き
械
かい
だろう"	103	117	https://bilingualmanga.com//manga/doraemon-long-stories/chapter-1/1-9	3		Doraemon_Long_Stories	800	1301	7					
4	4	4	 yasashisa-antique, sans-serif	21.0	[' 0', '0', '0']	352.0	863.0	jp	"ドラえもん
早
はや
く
帰
かえ
って
こないかな"	103	117	https://bilingualmanga.com//manga/doraemon-long-stories/chapter-1/1-9	4		Doraemon_Long_Stories	800	1301	7					
5	0	5	 anime-ace, sans-serif	15.0	[' 0', '0', '0']	428.0	374.0	en	WHAT WAS THAT NOISE!?	98	88	https://bilingualmanga.com//manga/doraemon-long-stories/chapter-1/1-9	0	98.0	Doraemon_Long_Stories	800	1301	7					
6	1	6	 anime-ace, sans-serif	15.0	[' 0', '0', '0']	640.0	682.0	en	I'VE BROUGHT THIS THING WITH ME, BUT	127	107	https://bilingualmanga.com//manga/doraemon-long-stories/chapter-1/1-9	2	127.0	Doraemon_Long_Stories	800	1301	7					
7	2	7	 anime-ace, sans-serif	15.0	[' 0', '0', '0']	440.0	649.0	en	WHAT IS THIS MACHINE, REALLY?	105	88	https://bilingualmanga.com//manga/doraemon-long-stories/chapter-1/1-9	3	105.0	Doraemon_Long_Stories	800	1301	7					
8	3	8	 anime-ace, sans-serif	15.0	[' 0', '0', '0']	346.0	864.0	en	DORAEMON, PLEASE COME HOME SOON	116	107	https://bilingualmanga.com//manga/doraemon-long-stories/chapter-1/1-9	4	116.0	Doraemon_Long_Stories	800	1301	7					
9	4	9	 anime-ace, sans-serif	13.0	[' 0', '0', '0']	101.0	370.0	en	IT WAS NOTHING. DON'T WORRY ABOUT IT	133	76	https://bilingualmanga.com//manga/doraemon-long-stories/chapter-1/1-9	1	133.0	Doraemon_Long_Stories	800	1301	7					
0	0	0	 yasashisa-antique, sans-serif	21.0	[' 0', '0', '0']	43.0	144.0	jp	"また
だ！"	66	54	https://bilingualmanga.com//manga/doraemon-long-stories/chapter-1/1-10	0		Doraemon_Long_Stories	800	1271	8					
1	1	1	 yasashisa-antique, sans-serif	21.0	[' 0', '0', '0']	626.0	673.0	jp	"庭
にわ
に
おちる
ぞ！"	103	75	https://bilingualmanga.com//manga/doraemon-long-stories/chapter-1/1-10	1		Doraemon_Long_Stories	800	1271	8					
2	2	2	 yasashisa-antique, sans-serif	21.0	[' 0', '0', '0']	372.0	934.0	jp	"さっきの
とは
ちがうぞ
………"	120	96	https://bilingualmanga.com//manga/doraemon-long-stories/chapter-1/1-10	2		Doraemon_Long_Stories	800	1271	8					
3	3	3	 yasashisa-antique, sans-serif	30.0	[' 0', '0', '0']	67.0	937.0	jp	"ひら
めい
た！"	129	72	https://bilingualmanga.com//manga/doraemon-long-stories/chapter-1/1-10	3		Doraemon_Long_Stories	800	1271	8					
4	0	4	 anime-ace, sans-serif	15.0	[' 0', '0', '0']	25.0	155.0	en	AGAIN!	105	31	https://bilingualmanga.com//manga/doraemon-long-stories/chapter-1/1-10	0	105.0	Doraemon_Long_Stories	800	1271	8					
5	1	5	 anime-ace, sans-serif	15.0	[' 0', '0', '0']	635.0	667.0	en	IT FELL TO THE BACK GARDEN!	94	88	https://bilingualmanga.com//manga/doraemon-long-stories/chapter-1/1-10	1	94.0	Doraemon_Long_Stories	800	1271	8					
6	2	6	 anime-ace, sans-serif	15.0	[' 0', '0', '0']	364.0	937.0	en	THIS ONE IS DIFFERENT FROM BEFORE...	149	88	https://bilingualmanga.com//manga/doraemon-long-stories/chapter-1/1-10	2	149.0	Doraemon_Long_Stories	800	1271	8					
7	3	7	 hl-comic2, sans-serif	25.0	[' 0', '0', '0']	46.0	952.0	en	I GET IT!	177	44	https://bilingualmanga.com//manga/doraemon-long-stories/chapter-1/1-10	3	177.0	Doraemon_Long_Stories	800	1271	8					
0	0	0	 yasashisa-antique, sans-serif	21.0	[' 0', '0', '0']	64.0	473.0	jp	"そうか！
これは
どこかへ
信
しん
号
ごう
を
送
おく
って
部
ぶ
品
ひん
を
集
あつ
める
装
そう
置
ち
だった
のか"	332	96	https://bilingualmanga.com//manga/doraemon-long-stories/chapter-1/1-11	0		Doraemon_Long_Stories	800	1299	9					
1	1	1	 yasashisa-antique, sans-serif	21.0	[' 0', '0', '0']	90.0	754.0	jp	"なんのかんの
いいながらも
ぼくのために
………"	120	138	https://bilingualmanga.com//manga/doraemon-long-stories/chapter-1/1-11	1		Doraemon_Long_Stories	800	1299	9					
2	2	2	 yasashisa-antique, sans-serif	21.0	[' 0', '0', '0']	451.0	927.0	jp	"さっそく
作
つく
ろう！"	76	96	https://bilingualmanga.com//manga/doraemon-long-stories/chapter-1/1-11	2		Doraemon_Long_Stories	800	1299	9					
3	3	3	 yasashisa-antique, sans-serif	21.0	[' 0', '0', '0']	240.0	919.0	jp	"今
いま
の
音
おと
なあに"	113	75	https://bilingualmanga.com//manga/doraemon-long-stories/chapter-1/1-11	3		Doraemon_Long_Stories	800	1299	9					
4	4	4	 yasashisa-antique, sans-serif	30.0	[' 0', '0', '0']	648.0	758.0	jp	"ドラえ
もんだ"	90	102	https://bilingualmanga.com//manga/doraemon-long-stories/chapter-1/1-11	4		Doraemon_Long_Stories	800	1299	9					
5	0	5	 anime-ace, sans-serif	15.0	[' 0', '0', '0']	89.0	488.0	en	SO THIS BALL WILL SEND A SIGNAL FOR THE OTHER PARTS TO COME HERE, HUH?	284	69	https://bilingualmanga.com//manga/doraemon-long-stories/chapter-1/1-11	0	284.0	Doraemon_Long_Stories	800	1299	9					
6	1	6	 anime-ace, sans-serif	15.0	[' 0', '0', '0']	439.0	934.0	en	I'LL ASSEMBLE IT SOON!!	116	69	https://bilingualmanga.com//manga/doraemon-long-stories/chapter-1/1-11	2	116.0	Doraemon_Long_Stories	800	1299	9					
7	2	7	 anime-ace, sans-serif	15.0	[' 0', '0', '0']	227.0	922.0	en	WHAT WAS THAT SOUND JUST NOW?	136	69	https://bilingualmanga.com//manga/doraemon-long-stories/chapter-1/1-11	3	136.0	Doraemon_Long_Stories	800	1299	9					
8	3	8	 hl-comic2, sans-serif	25.0	[' 0', '0', '0']	611.0	780.0	en	IT MUST BE DORAEMON!!	150	76	https://bilingualmanga.com//manga/doraemon-long-stories/chapter-1/1-11	4	150.0	Doraemon_Long_Stories	800	1299	9					
9	4	9	 hl-comic2, sans-serif	25.0	[' 0', '0', '0']	72.0	778.0	en	HE DID THIS ALL FOR ME...	168	76	https://bilingualmanga.com//manga/doraemon-long-stories/chapter-1/1-11	1	168.0	Doraemon_Long_Stories	800	1299	9					
0	0	0	 yasashisa-antique, sans-serif	21.0	[' 0', '0', '0']	535.0	137.0	jp	"地
じ
震
しん
で
しょ"	76	75	https://bilingualmanga.com//manga/doraemon-long-stories/chapter-1/1-12	0		Doraemon_Long_Stories	800	1261	10					
1	1	1	 yasashisa-antique, sans-serif	21.0	[' 0', '0', '0']	469.0	206.0	jp	"いちいち
気
き
にしな
さんな"	103	96	https://bilingualmanga.com//manga/doraemon-long-stories/chapter-1/1-12	1		Doraemon_Long_Stories	800	1261	10					
2	2	2	 yasashisa-antique, sans-serif	21.0	[' 0', '0', '0']	133.0	138.0	jp	"まだ
帰
かえ
って
いない"	103	75	https://bilingualmanga.com//manga/doraemon-long-stories/chapter-1/1-12	2		Doraemon_Long_Stories	800	1261	10					
3	3	3	 yasashisa-antique, sans-serif	21.0	[' 0', '0', '0']	658.0	409.0	jp	"おそい
なぁ"	66	75	https://bilingualmanga.com//manga/doraemon-long-stories/chapter-1/1-12	3		Doraemon_Long_Stories	800	1261	10					
4	4	4	 yasashisa-antique, sans-serif	21.0	[' 0', '0', '0']	503.0	401.0	jp	"北
ほっ
極
きょく
なんかで
なにしてるん
だろう"	130	138	https://bilingualmanga.com//manga/doraemon-long-stories/chapter-1/1-12	4		Doraemon_Long_Stories	800	1261	10					
5	5	5	 yasashisa-antique, sans-serif	21.0	[' 0', '0', '0']	392.0	396.0	jp	"ドラえもんの
ことだから"	66	138	https://bilingualmanga.com//manga/doraemon-long-stories/chapter-1/1-12	5		Doraemon_Long_Stories	800	1261	10					
6	6	6	 yasashisa-antique, sans-serif	21.0	[' 0', '0', '0']	129.0	399.0	jp	"まさか
道
みち
に
まよったり
白
しろ
クマに
おっかけ
られたり
なんてことは
ないと
思
おも
う
けど……"	258	138	https://bilingualmanga.com//manga/doraemon-long-stories/chapter-1/1-12	6		Doraemon_Long_Stories	800	1261	10					
7	7	7	 yasashisa-antique, sans-serif	21.0	[' 0', '0', '0']	462.0	925.0	jp	"道
みち
に
まよって
白
しろ
クマに
おっかけ
られて
も〜
さんざん！
ハクション"	248	117	https://bilingualmanga.com//manga/doraemon-long-stories/chapter-1/1-12	7		Doraemon_Long_Stories	800	1261	10					
8	8	8	 yasashisa-antique, sans-serif	21.0	[' 0', '0', '0']	321.0	935.0	jp	"じゃ
これ
……"	93	54	https://bilingualmanga.com//manga/doraemon-long-stories/chapter-1/1-12	8		Doraemon_Long_Stories	800	1261	10					
9	9	9	 yasashisa-antique, sans-serif	21.0	[' 0', '0', '0']	110.0	925.0	jp	"ドラえ
もん
じゃない
の？"	120	96	https://bilingualmanga.com//manga/doraemon-long-stories/chapter-1/1-12	9		Doraemon_Long_Stories	800	1261	10					
10	0	10	 anime-ace, sans-serif	15.0	[' 0', '0', '0']	475.0	218.0	en	DON'T BE SO FUSSY!	81	69	https://bilingualmanga.com//manga/doraemon-long-stories/chapter-1/1-12	1	81.0	Doraemon_Long_Stories	800	1261	10					
11	1	11	 anime-ace, sans-serif	15.0	[' 0', '0', '0']	128.0	146.0	en	HE'S NOT HOME YET	112	50	https://bilingualmanga.com//manga/doraemon-long-stories/chapter-1/1-12	2	112.0	Doraemon_Long_Stories	800	1261	10					
12	2	12	 anime-ace, sans-serif	15.0	[' 0', '0', '0']	649.0	414.0	en	HE'S SO SLOW	80	69	https://bilingualmanga.com//manga/doraemon-long-stories/chapter-1/1-12	3	80.0	Doraemon_Long_Stories	800	1261	10					
13	3	13	 anime-ace, sans-serif	15.0	[' 0', '0', '0']	499.0	396.0	en	WHAT IS HE DOING IN THE NORTH POLE ANYWAY?	125	107	https://bilingualmanga.com//manga/doraemon-long-stories/chapter-1/1-12	4	125.0	Doraemon_Long_Stories	800	1261	10					
14	4	14	 anime-ace, sans-serif	15.0	[' 0', '0', '0']	385.0	429.0	en	DON'T TELL ME	73	69	https://bilingualmanga.com//manga/doraemon-long-stories/chapter-1/1-12	5	73.0	Doraemon_Long_Stories	800	1261	10					
15	5	15	 anime-ace, sans-serif	15.0	[' 0', '0', '0']	155.0	423.0	en	HE GETS LOST AND IS CHASED BY A POLAR BEAR	181	69	https://bilingualmanga.com//manga/doraemon-long-stories/chapter-1/1-12	6	181.0	Doraemon_Long_Stories	800	1261	10					
16	6	16	 anime-ace, sans-serif	15.0	[' 0', '0', '0']	479.0	940.0	en	I WAS LOST AND CHASED BY THE POLAR BEAR ON THE WAY HOME! ACHOO!	201	88	https://bilingualmanga.com//manga/doraemon-long-stories/chapter-1/1-12	7	201.0	Doraemon_Long_Stories	800	1261	10					
17	7	17	 anime-ace, sans-serif	15.0	[' 0', '0', '0']	341.0	930.0	en	BY THE WAY	63	69	https://bilingualmanga.com//manga/doraemon-long-stories/chapter-1/1-12	8	63.0	Doraemon_Long_Stories	800	1261	10					
18	8	18	 anime-ace, sans-serif	15.0	[' 0', '0', '0']	107.0	939.0	en	THIS IS FROM YOU, RIGHT?	137	69	https://bilingualmanga.com//manga/doraemon-long-stories/chapter-1/1-12	9	137.0	Doraemon_Long_Stories	800	1261	10					
19	9	19	 anime-ace, sans-serif	13.0	[' 0', '0', '0']	514.0	136.0	en	IT WAS PROBABLY AN EARTH-QUAKE	113	76	https://bilingualmanga.com//manga/doraemon-long-stories/chapter-1/1-12	0	113.0	Doraemon_Long_Stories	800	1261	10					
0	0	0	 yasashisa-antique, sans-serif	21.0	[' 0', '0', '0']	650.0	96.0	jp	"しらな
いよ
こんなの"	93	96	https://bilingualmanga.com//manga/doraemon-long-stories/chapter-1/1-13	0		Doraemon_Long_Stories	800	1292	11					
1	1	1	 yasashisa-antique, sans-serif	21.0	[' 0', '0', '0']	433.0	96.0	jp	"えっ
じゃ
だれが
……"	120	75	https://bilingualmanga.com//manga/doraemon-long-stories/chapter-1/1-13	1		Doraemon_Long_Stories	800	1292	11					
2	2	2	 yasashisa-antique, sans-serif	21.0	[' 0', '0', '0']	613.0	366.0	jp	"新
あたら
しい
部
ぶ
品
ひん
が
とどい
たんだ"	167	86	https://bilingualmanga.com//manga/doraemon-long-stories/chapter-1/1-13	2		Doraemon_Long_Stories	800	1292	11					
3	0	3	 anime-ace, sans-serif	15.0	[' 0', '0', '0']	647.0	97.0	en	I DON'T KNOW ANYTHING ABOUT IT	110	88	https://bilingualmanga.com//manga/doraemon-long-stories/chapter-1/1-13	0	110.0	Doraemon_Long_Stories	800	1292	11					
4	1	4	 anime-ace, sans-serif	15.0	[' 0', '0', '0']	447.0	102.0	en	REALLY? IF SO, WHO IS...	96	69	https://bilingualmanga.com//manga/doraemon-long-stories/chapter-1/1-13	1	96.0	Doraemon_Long_Stories	800	1292	11					
5	2	5	 anime-ace, sans-serif	15.0	[' 0', '0', '0']	600.0	369.0	en	THE OTHER PART IS ABOUT TO COME	163	69	https://bilingualmanga.com//manga/doraemon-long-stories/chapter-1/1-13	2	163.0	Doraemon_Long_Stories	800	1292	11					
0	0	0	 yasashisa-antique, sans-serif	21.0	[' 0', '0', '0']	672.0	248.0	jp	"ももの
部
ぶ
分
ぶん
だよ"	76	96	https://bilingualmanga.com//manga/doraemon-long-stories/chapter-1/1-14	0		Doraemon_Long_Stories	800	1294	12					
1	1	1	 yasashisa-antique, sans-serif	21.0	[' 0', '0', '0']	430.0	150.0	jp	"部
へ
屋
や
へ
運
はこ
び
たいん
だけど"	140	75	https://bilingualmanga.com//manga/doraemon-long-stories/chapter-1/1-14	1		Doraemon_Long_Stories	800	1294	12					
2	2	2	 yasashisa-antique, sans-serif	21.0	[' 0', '0', '0']	292.0	145.0	jp	"「かるがる
手袋
てぶくろ
」"	76	117	https://bilingualmanga.com//manga/doraemon-long-stories/chapter-1/1-14	2		Doraemon_Long_Stories	800	1294	12					
3	3	3	 yasashisa-antique, sans-serif	21.0	[' 0', '0', '0']	574.0	827.0	jp	"持
も
ち
主
ぬし
に
返
かえ
したほうが
いいんじゃ
ない？"	140	138	https://bilingualmanga.com//manga/doraemon-long-stories/chapter-1/1-14	3		Doraemon_Long_Stories	800	1294	12					
4	4	4	 yasashisa-antique, sans-serif	21.0	[' 0', '0', '0']	236.0	743.0	jp	"持
も
ち
主
ぬし
って
だれよ？"	103	96	https://bilingualmanga.com//manga/doraemon-long-stories/chapter-1/1-14	4		Doraemon_Long_Stories	800	1294	12					
5	5	5	 yasashisa-antique, sans-serif	21.0	[' 0', '0', '0']	118.0	813.0	jp	"北
ほっ
極
きょく
の
サンタ
クロース？"	103	117	https://bilingualmanga.com//manga/doraemon-long-stories/chapter-1/1-14	5		Doraemon_Long_Stories	800	1294	12					
6	0	6	 anime-ace, sans-serif	15.0	[' 0', '0', '0']	657.0	241.0	en	THIS MUST BE THE THIGH PART	100	107	https://bilingualmanga.com//manga/doraemon-long-stories/chapter-1/1-14	0	100.0	Doraemon_Long_Stories	800	1294	12					
7	1	7	 anime-ace, sans-serif	15.0	[' 0', '0', '0']	431.0	149.0	en	WE HAVE TO BRING THIS TO OUR ROOM	131	88	https://bilingualmanga.com//manga/doraemon-long-stories/chapter-1/1-14	1	131.0	Doraemon_Long_Stories	800	1294	12					
8	2	8	 anime-ace, sans-serif	15.0	[' 0', '0', '0']	286.0	152.0	en	"""AN EASY CARRY GLOVES"""	90	88	https://bilingualmanga.com//manga/doraemon-long-stories/chapter-1/1-14	2	90.0	Doraemon_Long_Stories	800	1294	12					
9	3	9	 anime-ace, sans-serif	15.0	[' 0', '0', '0']	578.0	847.0	en	SHOULDN'T WE RETURN THIS TO ITS OWNER?	133	88	https://bilingualmanga.com//manga/doraemon-long-stories/chapter-1/1-14	3	133.0	Doraemon_Long_Stories	800	1294	12					
10	4	10	 anime-ace, sans-serif	15.0	[' 0', '0', '0']	241.0	750.0	en	"WHO IS THE OWNER
!?"	103	88	https://bilingualmanga.com//manga/doraemon-long-stories/chapter-1/1-14	4	103.0	Doraemon_Long_Stories	800	1294	12					
11	5	11	 anime-ace, sans-serif	15.0	[' 0', '0', '0']	114.0	845.0	en	SANTA CLAUSE?	108	50	https://bilingualmanga.com//manga/doraemon-long-stories/chapter-1/1-14	5	108.0	Doraemon_Long_Stories	800	1294	12					
0	0	0	 yasashisa-antique, sans-serif	21.0	[' 0', '0', '0']	642.0	114.0	jp	"交
こう
番
ばん
へ
とどける
とか…"	103	96	https://bilingualmanga.com//manga/doraemon-long-stories/chapter-1/1-15	0		Doraemon_Long_Stories	800	1301	13					
1	1	1	 yasashisa-antique, sans-serif	21.0	[' 0', '0', '0']	457.0	106.0	jp	"どういって？
北
ほっ
極
きょく
で
巨
きょ
大
だい
ロボットを
ひろいまし
たってか？"	157	138	https://bilingualmanga.com//manga/doraemon-long-stories/chapter-1/1-15	1		Doraemon_Long_Stories	800	1301	13					
2	2	2	 yasashisa-antique, sans-serif	21.0	[' 0', '0', '0']	348.0	115.0	jp	"ぼくん
だい！"	66	75	https://bilingualmanga.com//manga/doraemon-long-stories/chapter-1/1-15	2		Doraemon_Long_Stories	800	1301	13					
3	3	3	 yasashisa-antique, sans-serif	21.0	[' 0', '0', '0']	44.0	117.0	jp	"神
かみ
さまが
さずけて
くださった
んだい"	157	117	https://bilingualmanga.com//manga/doraemon-long-stories/chapter-1/1-15	3		Doraemon_Long_Stories	800	1301	13					
4	4	4	 yasashisa-antique, sans-serif	21.0	[' 0', '0', '0']	579.0	369.0	jp	"それに
しても…
どこで
組
く
み
立
た
てろか
……"	167	117	https://bilingualmanga.com//manga/doraemon-long-stories/chapter-1/1-15	4		Doraemon_Long_Stories	800	1301	13					
5	5	5	 yasashisa-antique, sans-serif	21.0	[' 0', '0', '0']	484.0	366.0	jp	"庭
にわ
で
いいじゃん"	76	117	https://bilingualmanga.com//manga/doraemon-long-stories/chapter-1/1-15	5		Doraemon_Long_Stories	800	1301	13					
6	6	6	 yasashisa-antique, sans-serif	21.0	[' 0', '0', '0']	324.0	377.0	jp	"ママが
おこるよ
洗
せん
たく
物
もの
が
ほせないって"	130	138	https://bilingualmanga.com//manga/doraemon-long-stories/chapter-1/1-15	6		Doraemon_Long_Stories	800	1301	13					
7	7	7	 yasashisa-antique, sans-serif	21.0	[' 0', '0', '0']	37.0	382.0	jp	"洗
せん
たく
なんて…
よけいな
こと
しな
けりゃ
いいのに
………"	238	96	https://bilingualmanga.com//manga/doraemon-long-stories/chapter-1/1-15	7		Doraemon_Long_Stories	800	1301	13					
8	8	8	 yasashisa-antique, sans-serif	21.0	[' 0', '0', '0']	533.0	647.0	jp	"大
おお
きすぎる
から
いけないん
だ
スモール
ライトで
……"	211	117	https://bilingualmanga.com//manga/doraemon-long-stories/chapter-1/1-15	8		Doraemon_Long_Stories	800	1301	13					
9	9	9	 yasashisa-antique, sans-serif	21.0	[' 0', '0', '0']	335.0	649.0	jp	"だめ〜
でっかい
から
いいん
だよ"	147	96	https://bilingualmanga.com//manga/doraemon-long-stories/chapter-1/1-15	9		Doraemon_Long_Stories	800	1301	13					
10	10	10	 yasashisa-antique, sans-serif	21.0	[' 0', '0', '0']	158.0	653.0	jp	"なに
いってん
だ！"	93	96	https://bilingualmanga.com//manga/doraemon-long-stories/chapter-1/1-15	10		Doraemon_Long_Stories	800	1301	13					
11	11	11	 yasashisa-antique, sans-serif	21.0	[' 0', '0', '0']	654.0	914.0	jp	"かりに
完
かん
成
せい
した
として"	103	96	https://bilingualmanga.com//manga/doraemon-long-stories/chapter-1/1-15	11		Doraemon_Long_Stories	800	1301	13					
12	12	12	 yasashisa-antique, sans-serif	21.0	[' 0', '0', '0']	428.0	923.0	jp	"町
まち
の
中
なか
を
こんなのが
歩
ある
きまわっ
たら……
さぞ
近
きん
所
じょ
めいわく…"	204	117	https://bilingualmanga.com//manga/doraemon-long-stories/chapter-1/1-15	12		Doraemon_Long_Stories	800	1301	13					
13	13	13	 yasashisa-antique, sans-serif	21.0	[' 0', '0', '0']	297.0	924.0	jp	"いやなこと
ばっかり
いう！"	93	117	https://bilingualmanga.com//manga/doraemon-long-stories/chapter-1/1-15	13		Doraemon_Long_Stories	800	1301	13					
14	14	14	 yasashisa-antique, sans-serif	50.0	[' 0', '0', '0']	52.0	923.0	jp	そうだ！	212	77	https://bilingualmanga.com//manga/doraemon-long-stories/chapter-1/1-15	14	212.0	Doraemon_Long_Stories	800	1301	13	 normal	 0px	 center	 initial	 initial
15	0	15	 anime-ace, sans-serif	15.0	[' 0', '0', '0']	644.0	99.0	en	WE CAN BRING IT TO THE POLICE STATION	112	107	https://bilingualmanga.com//manga/doraemon-long-stories/chapter-1/1-15	0	112.0	Doraemon_Long_Stories	800	1301	13					
16	1	16	 anime-ace, sans-serif	15.0	[' 0', '0', '0']	450.0	103.0	en	WHAT WILL YOU TELL THEM ABOUT IT? SOMEBODY LOST HIS GIANT ROBOT BACK IN THE NORTH POLE?	195	126	https://bilingualmanga.com//manga/doraemon-long-stories/chapter-1/1-15	1	195.0	Doraemon_Long_Stories	800	1301	13					
17	2	17	 anime-ace, sans-serif	15.0	[' 0', '0', '0']	589.0	373.0	en	IF YOU SAY SO, WHERE DO YOU WANNA TO PUT THIS THING THEN?	154	107	https://bilingualmanga.com//manga/doraemon-long-stories/chapter-1/1-15	4	154.0	Doraemon_Long_Stories	800	1301	13					
18	3	18	 anime-ace, sans-serif	15.0	[' 0', '0', '0']	35.0	384.0	en	WHY DOES SHE HAVE TO DO THE LAUNDRY? THAT'S NOT IMPORTANT...	253	69	https://bilingualmanga.com//manga/doraemon-long-stories/chapter-1/1-15	7	253.0	Doraemon_Long_Stories	800	1301	13					
19	4	19	 anime-ace, sans-serif	15.0	[' 0', '0', '0']	528.0	648.0	en	SINCE WE DON'T HAVE A PLACE TO PUT HIM, WHY DON'T WE USE THE SMALL LIGHT AND MAKE HIM SMALL?	222	107	https://bilingualmanga.com//manga/doraemon-long-stories/chapter-1/1-15	8	222.0	Doraemon_Long_Stories	800	1301	13					
20	5	20	 anime-ace, sans-serif	15.0	[' 0', '0', '0']	352.0	644.0	en	WHAT'S THE POINT THEN? I WANT A BIG ROBOT!	150	88	https://bilingualmanga.com//manga/doraemon-long-stories/chapter-1/1-15	9	150.0	Doraemon_Long_Stories	800	1301	13					
21	6	21	 anime-ace, sans-serif	15.0	[' 0', '0', '0']	134.0	661.0	en	DON'T YOU UNDERSTAND THAT!?	131	69	https://bilingualmanga.com//manga/doraemon-long-stories/chapter-1/1-15	10	131.0	Doraemon_Long_Stories	800	1301	13					
22	7	22	 anime-ace, sans-serif	15.0	[' 0', '0', '0']	651.0	924.0	en	BUT HOW WILL WE FINISH IT?	104	88	https://bilingualmanga.com//manga/doraemon-long-stories/chapter-1/1-15	11	104.0	Doraemon_Long_Stories	800	1301	13					
23	8	23	 anime-ace, sans-serif	15.0	[' 0', '0', '0']	450.0	938.0	en	IT'D BECOME A PROBLEM IF WE DO IT INSIDE THE HOUSE	162	88	https://bilingualmanga.com//manga/doraemon-long-stories/chapter-1/1-15	12	162.0	Doraemon_Long_Stories	800	1301	13					
24	9	24	 anime-ace, sans-serif	15.0	[' 0', '0', '0']	284.0	931.0	en	OF COURSE WE WON'T BE MAKING IT INSIDE!!	123	88	https://bilingualmanga.com//manga/doraemon-long-stories/chapter-1/1-15	13	123.0	Doraemon_Long_Stories	800	1301	13					
25	10	25	 hl-comic2, sans-serif	25.0	[' 0', '0', '0']	60.0	929.0	en	THAT'S RIGHT!	166	76	https://bilingualmanga.com//manga/doraemon-long-stories/chapter-1/1-15	14	166.0	Doraemon_Long_Stories	800	1301	13					
26	11	26	 hl-comic2, sans-serif	20.0	[' 0', '0', '0']	328.0	116.0	en	THIS IS MINE!	95	64	https://bilingualmanga.com//manga/doraemon-long-stories/chapter-1/1-15	2	95.0	Doraemon_Long_Stories	800	1301	13					
27	12	27	 hl-comic2, sans-serif	20.0	[' 0', '0', '0']	30.0	111.0	en	I FOUND IT MYSELF, SO THIS IS MINE	152	90	https://bilingualmanga.com//manga/doraemon-long-stories/chapter-1/1-15	3	152.0	Doraemon_Long_Stories	800	1301	13					
28	13	28	 anime-ace, sans-serif	13.0	[' 0', '0', '0']	473.0	385.0	en	WE CAN PUT IT AT THE BACK GARDEN	93	76	https://bilingualmanga.com//manga/doraemon-long-stories/chapter-1/1-15	5	93.0	Doraemon_Long_Stories	800	1301	13					
29	14	29	 anime-ace, sans-serif	13.0	[' 0', '0', '0']	311.0	388.0	en	MAMA WILL BE ANGRY FOR SURE. SHE USES THE BACK GARDEN TO DRY THE LAUNDRY, DOESN'T SHE?	159	108	https://bilingualmanga.com//manga/doraemon-long-stories/chapter-1/1-15	6	159.0	Doraemon_Long_Stories	800	1301	13					
0	0	0	 yasashisa-antique, sans-serif	21.0	[' 0', '0', '0']	611.0	145.0	jp	"ずっと
前
まえ
鏡
かがみ
の
中
なか
の
世
せ
界
かい
へ
いったろ"	150	107	https://bilingualmanga.com//manga/doraemon-long-stories/chapter-1/1-16	0		Doraemon_Long_Stories	800	1281	14					
1	1	1	 yasashisa-antique, sans-serif	21.0	[' 0', '0', '0']	423.0	148.0	jp	"こちらの
世
せ
界
かい
と
そっくりで
だ〜れも
いない
町
まち"	167	117	https://bilingualmanga.com//manga/doraemon-long-stories/chapter-1/1-16	1		Doraemon_Long_Stories	800	1281	14					
2	2	2	 yasashisa-antique, sans-serif	21.0	[' 0', '0', '0']	69.0	146.0	jp	"それ
それ！"	66	75	https://bilingualmanga.com//manga/doraemon-long-stories/chapter-1/1-16	2		Doraemon_Long_Stories	800	1281	14					
3	3	3	 yasashisa-antique, sans-serif	21.0	[' 0', '0', '0']	540.0	410.0	jp	"あそこなら
なにを
しても
だれにも
めいわくが
かから
ない"	201	117	https://bilingualmanga.com//manga/doraemon-long-stories/chapter-1/1-16	3		Doraemon_Long_Stories	800	1281	14					
4	4	4	 yasashisa-antique, sans-serif	21.0	[' 0', '0', '0']	437.0	477.0	jp	"しかし
なあ
……"	93	75	https://bilingualmanga.com//manga/doraemon-long-stories/chapter-1/1-16	4		Doraemon_Long_Stories	800	1281	14					
5	5	5	 yasashisa-antique, sans-serif	21.0	[' 0', '0', '0']	215.0	408.0	jp	"ぼくらは
いいけど
ロボットが
この
小
ちい
さな
鏡
かがみ
を
通
とお
れる
か……"	194	128	https://bilingualmanga.com//manga/doraemon-long-stories/chapter-1/1-16	5		Doraemon_Long_Stories	800	1281	14					
6	6	6	 yasashisa-antique, sans-serif	21.0	[' 0', '0', '0']	690.0	676.0	jp	"もう
いい"	66	54	https://bilingualmanga.com//manga/doraemon-long-stories/chapter-1/1-16	6		Doraemon_Long_Stories	800	1281	14					
7	7	7	 yasashisa-antique, sans-serif	21.0	[' 0', '0', '0']	419.0	673.0	jp	"ぼく
なんかが
巨
きょ
大
だい
ロボ
ットを
ほしがる
のが
まちがい
だったんだ"	238	117	https://bilingualmanga.com//manga/doraemon-long-stories/chapter-1/1-16	7		Doraemon_Long_Stories	800	1281	14					
8	8	8	 yasashisa-antique, sans-serif	21.0	[' 0', '0', '0']	111.0	668.0	jp	"ま
道
みち
は
ないでも
ない"	130	96	https://bilingualmanga.com//manga/doraemon-long-stories/chapter-1/1-16	8		Doraemon_Long_Stories	800	1281	14					
9	9	9	 yasashisa-antique, sans-serif	21.0	[' 0', '0', '0']	418.0	954.0	jp	"「
逆世界
ぎゃくせかい
入
はい
りこみ
オイル」"	113	96	https://bilingualmanga.com//manga/doraemon-long-stories/chapter-1/1-16	9		Doraemon_Long_Stories	800	1281	14					
10	10	10	 yasashisa-antique, sans-serif	21.0	[' 0', '0', '0']	67.0	944.0	jp	"鏡
かがみ
じゃ
なくても
鏡
かがみ
みたいに
反
はん
射
しゃ
する
平
へい
面
めん
にこれを
ぬれば
あの
世
せ
界
かい
へ
入
はい
りこめ
るんだよ"	315	138	https://bilingualmanga.com//manga/doraemon-long-stories/chapter-1/1-16	10		Doraemon_Long_Stories	800	1281	14					
11	11	11	 yasashisa-antique, sans-serif	21.0	[' 0', '0', '0']	209.0	140.0	jp	"この
「
入
はい
りこみ
鏡
かがみ
」を
使
つか
っ
て？"	177	117	https://bilingualmanga.com//manga/doraemon-long-stories/chapter-1/1-16	11		Doraemon_Long_Stories	800	1281	14					
12	0	12	 anime-ace, sans-serif	15.0	[' 0', '0', '0']	624.0	143.0	en	DO YOU REMEMBER THAT WE ONCE WENT TO A MIRROR WORLD?	141	126	https://bilingualmanga.com//manga/doraemon-long-stories/chapter-1/1-16	0	141.0	Doraemon_Long_Stories	800	1281	14					
13	1	13	 anime-ace, sans-serif	15.0	[' 0', '0', '0']	415.0	148.0	en	THAT WORLD IS EXACTLY THE SAME WITH THIS WORLD, BUT NOBODY LIVES IN THAT WORLD	202	107	https://bilingualmanga.com//manga/doraemon-long-stories/chapter-1/1-16	1	202.0	Doraemon_Long_Stories	800	1281	14					
14	2	14	 anime-ace, sans-serif	15.0	[' 0', '0', '0']	260.0	150.0	en	"YOU MEAN... THIS ""MAGIC MIRROR""?"	129	69	https://bilingualmanga.com//manga/doraemon-long-stories/chapter-1/1-16	11	129.0	Doraemon_Long_Stories	800	1281	14					
15	3	15	 anime-ace, sans-serif	15.0	[' 0', '0', '0']	67.0	146.0	en	THERE YOU GO!	70	69	https://bilingualmanga.com//manga/doraemon-long-stories/chapter-1/1-16	2	70.0	Doraemon_Long_Stories	800	1281	14					
16	4	16	 anime-ace, sans-serif	15.0	[' 0', '0', '0']	545.0	415.0	en	IF WE ASSEMBLE THIS ROBOT THERE, NOBODY WILL SCOLD US FOR SURE, RIGHT?	211	88	https://bilingualmanga.com//manga/doraemon-long-stories/chapter-1/1-16	3	211.0	Doraemon_Long_Stories	800	1281	14					
17	5	17	 anime-ace, sans-serif	15.0	[' 0', '0', '0']	439.0	496.0	en	HOWEVER	115	31	https://bilingualmanga.com//manga/doraemon-long-stories/chapter-1/1-16	4	115.0	Doraemon_Long_Stories	800	1281	14					
18	6	18	 anime-ace, sans-serif	15.0	[' 0', '0', '0']	220.0	413.0	en	HOW DO YOU WANT TO MAKE THIS GIANT ROBOT GET INTO THIS SMALL MIRROR?	188	107	https://bilingualmanga.com//manga/doraemon-long-stories/chapter-1/1-16	5	188.0	Doraemon_Long_Stories	800	1281	14					
19	7	19	 anime-ace, sans-serif	15.0	[' 0', '0', '0']	673.0	677.0	en	JUST FORGET IT	97	69	https://bilingualmanga.com//manga/doraemon-long-stories/chapter-1/1-16	6	97.0	Doraemon_Long_Stories	800	1281	14					
20	8	20	 anime-ace, sans-serif	15.0	[' 0', '0', '0']	421.0	693.0	en	I'M NOT DESTINED TO HAVE A GIANT ROBOT ON MY OWN ANYWAY	226	69	https://bilingualmanga.com//manga/doraemon-long-stories/chapter-1/1-16	7	226.0	Doraemon_Long_Stories	800	1281	14					
21	9	21	 anime-ace, sans-serif	15.0	[' 0', '0', '0']	98.0	668.0	en	IT DOESN'T MEAN THAT I DON'T HAVE A WAY OUT	150	88	https://bilingualmanga.com//manga/doraemon-long-stories/chapter-1/1-16	8	150.0	Doraemon_Long_Stories	800	1281	14					
22	10	22	 anime-ace, sans-serif	15.0	[' 0', '0', '0']	420.0	955.0	en	"""COME TO THE REVERSE WORLD OIL"""	101	107	https://bilingualmanga.com//manga/doraemon-long-stories/chapter-1/1-16	9	101.0	Doraemon_Long_Stories	800	1281	14					
23	11	23	 anime-ace, sans-serif	15.0	[' 0', '0', '0']	88.0	935.0	en	"IT'S NOT A MIRROR, BUT IT HAS THE SAME FUNCTION WITH IT. IF WE PUT THIS OIL TO THE WATERY SURFACE, WE WILL COME INTO THE EXACT WORLD LIKE THE ONE IN 
MAGIC MIRROR"	302	145	https://bilingualmanga.com//manga/doraemon-long-stories/chapter-1/1-16	10	302.0	Doraemon_Long_Stories	800	1281	14					
0	0	0	 yasashisa-antique, sans-serif	21.0	[' 0', '0', '0']	291.0	104.0	jp	"「おざしき
つり
堀
ぼり
」"	76	117	https://bilingualmanga.com//manga/doraemon-long-stories/chapter-1/1-17	0		Doraemon_Long_Stories	800	1283	15					
1	1	1	 yasashisa-antique, sans-serif	21.0	[' 0', '0', '0']	278.0	381.0	jp	"この
水
すい
面
めん
が
鏡
かがみ
に
なるよ"	140	75	https://bilingualmanga.com//manga/doraemon-long-stories/chapter-1/1-17	1		Doraemon_Long_Stories	800	1283	15					
2	2	2	 yasashisa-antique, sans-serif	21.0	[' 0', '0', '0']	53.0	388.0	jp	"ドラ
えもんは
たよりに
なるなあ"	120	96	https://bilingualmanga.com//manga/doraemon-long-stories/chapter-1/1-17	2		Doraemon_Long_Stories	800	1283	15					
3	3	3	 yasashisa-antique, sans-serif	21.0	[' 0', '0', '0']	187.0	777.0	jp	"これで
よし"	66	75	https://bilingualmanga.com//manga/doraemon-long-stories/chapter-1/1-17	3		Doraemon_Long_Stories	800	1283	15					
4	4	4	 yasashisa-antique, sans-serif	21.0	[' 0', '0', '0']	497.0	906.0	jp	"のぞいて
みよう
ブク
ブク"	120	96	https://bilingualmanga.com//manga/doraemon-long-stories/chapter-1/1-17	4		Doraemon_Long_Stories	800	1283	15					
5	5	5	 yasashisa-antique, sans-serif	21.0	[' 0', '0', '0']	171.0	1044.0	jp	"O・K
だ！"	66	75	https://bilingualmanga.com//manga/doraemon-long-stories/chapter-1/1-17	5		Doraemon_Long_Stories	800	1283	15					
6	6	6	 yasashisa-antique, sans-serif	20.0	[' 0', '0', '0']	466.0	109.0	jp	"これを
通
とお
せる
ほど
広
ひろ
い
鏡
かがみ
みたいな
平
へい
面
めん
といえば
……"	208	132	https://bilingualmanga.com//manga/doraemon-long-stories/chapter-1/1-17	6		Doraemon_Long_Stories	800	1283	15					
7	0	7	 anime-ace, sans-serif	15.0	[' 0', '0', '0']	488.0	109.0	en	THIS THING SURELY CAN'T GET INTO ANY KIND OF MIRROR, SO...	165	107	https://bilingualmanga.com//manga/doraemon-long-stories/chapter-1/1-17	6	165.0	Doraemon_Long_Stories	800	1283	15					
8	1	8	 anime-ace, sans-serif	15.0	[' 0', '0', '0']	276.0	106.0	en	"""A FISH POND INSIDE THE ROOM"""	105	107	https://bilingualmanga.com//manga/doraemon-long-stories/chapter-1/1-17	0	105.0	Doraemon_Long_Stories	800	1283	15					
9	2	9	 anime-ace, sans-serif	15.0	[' 0', '0', '0']	55.0	394.0	en	DORAEMON IS INDEED RELIABLE	116	69	https://bilingualmanga.com//manga/doraemon-long-stories/chapter-1/1-17	2	116.0	Doraemon_Long_Stories	800	1283	15					
10	3	10	 anime-ace, sans-serif	15.0	[' 0', '0', '0']	176.0	784.0	en	IT'S DONE	86	50	https://bilingualmanga.com//manga/doraemon-long-stories/chapter-1/1-17	3	86.0	Doraemon_Long_Stories	800	1283	15					
11	4	11	 anime-ace, sans-serif	15.0	[' 0', '0', '0']	511.0	923.0	en	LET ME CHECK FIRST	91	69	https://bilingualmanga.com//manga/doraemon-long-stories/chapter-1/1-17	4	91.0	Doraemon_Long_Stories	800	1283	15					
12	5	12	 anime-ace, sans-serif	15.0	[' 0', '0', '0']	168.0	1066.0	en	OKAY!	74	31	https://bilingualmanga.com//manga/doraemon-long-stories/chapter-1/1-17	5	74.0	Doraemon_Long_Stories	800	1283	15					
13	6	13	 anime-ace, sans-serif	15.0	[' 0', '0', '0']	237.0	374.0	en	"THIS WATERY SURFACE IS PRETTY MUCH ALIKE THE MIRROR, 
ISN'T IT?"	214	107	https://bilingualmanga.com//manga/doraemon-long-stories/chapter-1/1-17	1	214.0	Doraemon_Long_Stories	800	1283	15					
0	0	0	 yasashisa-antique, sans-serif	21.0	[' 0', '0', '0']	591.0	147.0	jp	"運
はこ
び
こもう"	76	75	https://bilingualmanga.com//manga/doraemon-long-stories/chapter-1/1-18	0		Doraemon_Long_Stories	800	1285	16					
1	1	1	 yasashisa-antique, sans-serif	21.0	[' 0', '0', '0']	642.0	618.0	jp	"おっと
上下
じょうげ
あべこべ
になってる"	103	138	https://bilingualmanga.com//manga/doraemon-long-stories/chapter-1/1-18	1		Doraemon_Long_Stories	800	1285	16					
2	2	2	 yasashisa-antique, sans-serif	21.0	[' 0', '0', '0']	190.0	631.0	jp	"むきを
かえなく
ちゃ"	93	96	https://bilingualmanga.com//manga/doraemon-long-stories/chapter-1/1-18	2		Doraemon_Long_Stories	800	1285	16					
3	3	3	 yasashisa-antique, sans-serif	21.0	[' 0', '0', '0']	612.0	942.0	jp	"上下
じょうげ
、むきを
かえたら
左
さ
右
ゆう
が
逆
ぎゃく
に
なっちゃった"	140	138	https://bilingualmanga.com//manga/doraemon-long-stories/chapter-1/1-18	3		Doraemon_Long_Stories	800	1285	16					
4	4	4	 yasashisa-antique, sans-serif	21.0	[' 0', '0', '0']	363.0	1059.0	jp	"気
き
に
すんな"	76	75	https://bilingualmanga.com//manga/doraemon-long-stories/chapter-1/1-18	4		Doraemon_Long_Stories	800	1285	16					
5	5	5	 yasashisa-antique, sans-serif	21.0	[' 0', '0', '0']	74.0	1054.0	jp	"たいした
問
もん
題
だい
じゃ
ない"	103	96	https://bilingualmanga.com//manga/doraemon-long-stories/chapter-1/1-18	5		Doraemon_Long_Stories	800	1285	16					
6	0	6	 anime-ace, sans-serif	15.0	[' 0', '0', '0']	581.0	142.0	en	LET'S START CARRY THIS	95	88	https://bilingualmanga.com//manga/doraemon-long-stories/chapter-1/1-18	0	95.0	Doraemon_Long_Stories	800	1285	16					
7	1	7	 anime-ace, sans-serif	15.0	[' 0', '0', '0']	628.0	626.0	en	THE TOP AND BOTTOM ARE REVERSED	123	107	https://bilingualmanga.com//manga/doraemon-long-stories/chapter-1/1-18	1	123.0	Doraemon_Long_Stories	800	1285	16					
8	2	8	 anime-ace, sans-serif	15.0	[' 0', '0', '0']	176.0	638.0	en	IT'S A LITTLE COMPLI-CATED	125	88	https://bilingualmanga.com//manga/doraemon-long-stories/chapter-1/1-18	2	125.0	Doraemon_Long_Stories	800	1285	16					
9	3	9	 anime-ace, sans-serif	15.0	[' 0', '0', '0']	606.0	949.0	en	"IF THE TOP AND BOTTOM ARE REVERSED, THEN THE LEFT AND RIGHT 
ARE TOO"	153	126	https://bilingualmanga.com//manga/doraemon-long-stories/chapter-1/1-18	3	153.0	Doraemon_Long_Stories	800	1285	16					
10	4	10	 anime-ace, sans-serif	15.0	[' 0', '0', '0']	348.0	1069.0	en	THAT'S TRUE	101	50	https://bilingualmanga.com//manga/doraemon-long-stories/chapter-1/1-18	4	101.0	Doraemon_Long_Stories	800	1285	16					
11	5	11	 anime-ace, sans-serif	15.0	[' 0', '0', '0']	77.0	1065.0	en	BUT IT'S NOT A PROBLEM, IS IT?	101	88	https://bilingualmanga.com//manga/doraemon-long-stories/chapter-1/1-18	5	101.0	Doraemon_Long_Stories	800	1285	16					
0	0	0	 yasashisa-antique, sans-serif	21.0	[' 0', '0', '0']	504.0	94.0	jp	"静
しず
かだ
なあ…
ほんとに
だれもいない
んだね"	157	138	https://bilingualmanga.com//manga/doraemon-long-stories/chapter-1/1-19	0		Doraemon_Long_Stories	800	1290	17					
1	1	1	 yasashisa-antique, sans-serif	21.0	[' 0', '0', '0']	142.0	99.0	jp	"いわば
背
はい
景
けい
だけの
世
せ
界
かい
というか
じつに
ふしぎだ"	167	138	https://bilingualmanga.com//manga/doraemon-long-stories/chapter-1/1-19	1		Doraemon_Long_Stories	800	1290	17					
2	2	2	 yasashisa-antique, sans-serif	21.0	[' 0', '0', '0']	592.0	421.0	jp	"どこまで
続
つづ
いて
るの"	103	96	https://bilingualmanga.com//manga/doraemon-long-stories/chapter-1/1-19	2		Doraemon_Long_Stories	800	1290	17					
3	3	3	 yasashisa-antique, sans-serif	21.0	[' 0', '0', '0']	444.0	427.0	jp	どこまでも	39	117	https://bilingualmanga.com//manga/doraemon-long-stories/chapter-1/1-19	3		Doraemon_Long_Stories	800	1290	17					
4	4	4	 yasashisa-antique, sans-serif	21.0	[' 0', '0', '0']	214.0	422.0	jp	"外
そと
の
世
せ
界
かい
と
そっくり
そのままに、
ず〜っと
続
つづ
いているん
だよ"	194	138	https://bilingualmanga.com//manga/doraemon-long-stories/chapter-1/1-19	4		Doraemon_Long_Stories	800	1290	17					
5	5	5	 yasashisa-antique, sans-serif	21.0	[' 0', '0', '0']	476.0	857.0	jp	"早
はや
く
完
かん
成
せい
させたい"	113	96	https://bilingualmanga.com//manga/doraemon-long-stories/chapter-1/1-19	5		Doraemon_Long_Stories	800	1290	17					
6	6	6	 yasashisa-antique, sans-serif	21.0	[' 0', '0', '0']	58.0	910.0	jp	"新
あたら
しい
部
ぶ
品
ひん
が
きてる"	113	86	https://bilingualmanga.com//manga/doraemon-long-stories/chapter-1/1-19	6		Doraemon_Long_Stories	800	1290	17					
7	7	7	 yasashisa-antique, sans-serif	21.0	[' 0', '0', '0']	326.0	1024.0	jp	"日
ひ
がくれ
ちゃった"	76	96	https://bilingualmanga.com//manga/doraemon-long-stories/chapter-1/1-19	7		Doraemon_Long_Stories	800	1290	17					
8	8	8	 yasashisa-antique, sans-serif	21.0	[' 0', '0', '0']	62.0	1077.0	jp	"あとは
あすに
しょう"	93	75	https://bilingualmanga.com//manga/doraemon-long-stories/chapter-1/1-19	8		Doraemon_Long_Stories	800	1290	17					
9	0	9	 anime-ace, sans-serif	15.0	[' 0', '0', '0']	505.0	117.0	en	IT'S SO QUIET. NOBODY IS REALLY HERE, HUH?	158	88	https://bilingualmanga.com//manga/doraemon-long-stories/chapter-1/1-19	0	158.0	Doraemon_Long_Stories	800	1290	17					
10	1	10	 anime-ace, sans-serif	15.0	[' 0', '0', '0']	134.0	108.0	en	BUT THE SCENERY AND EVERYTHING ARE JUST THE SAME WITH THE REAL WORLD. ISN'T IT AMAZING?	197	126	https://bilingualmanga.com//manga/doraemon-long-stories/chapter-1/1-19	1	197.0	Doraemon_Long_Stories	800	1290	17					
11	2	11	 anime-ace, sans-serif	15.0	[' 0', '0', '0']	591.0	426.0	en	WHERE IS THE END OF THIS WORLD?	103	88	https://bilingualmanga.com//manga/doraemon-long-stories/chapter-1/1-19	2	103.0	Doraemon_Long_Stories	800	1290	17					
12	3	12	 anime-ace, sans-serif	15.0	[' 0', '0', '0']	417.0	460.0	en	THERE'S NO END	93	50	https://bilingualmanga.com//manga/doraemon-long-stories/chapter-1/1-19	3	93.0	Doraemon_Long_Stories	800	1290	17					
13	4	13	 anime-ace, sans-serif	15.0	[' 0', '0', '0']	207.0	438.0	en	"AS LONG AS 
OUR REAL WORLD CONTINUES, THEN THIS WORLD WILL AS WELL"	197	107	https://bilingualmanga.com//manga/doraemon-long-stories/chapter-1/1-19	4	197.0	Doraemon_Long_Stories	800	1290	17					
14	5	14	 anime-ace, sans-serif	15.0	[' 0', '0', '0']	475.0	868.0	en	I WANNA COMPLETE IT SOON	117	69	https://bilingualmanga.com//manga/doraemon-long-stories/chapter-1/1-19	5	117.0	Doraemon_Long_Stories	800	1290	17					
15	6	15	 anime-ace, sans-serif	15.0	[' 0', '0', '0']	49.0	909.0	en	THERE'S ANOTHER PART COMING	129	88	https://bilingualmanga.com//manga/doraemon-long-stories/chapter-1/1-19	6	129.0	Doraemon_Long_Stories	800	1290	17					
16	7	16	 anime-ace, sans-serif	15.0	[' 0', '0', '0']	312.0	1032.0	en	IT'S ALREADY LATE	115	69	https://bilingualmanga.com//manga/doraemon-long-stories/chapter-1/1-19	7	115.0	Doraemon_Long_Stories	800	1290	17					
17	8	17	 anime-ace, sans-serif	15.0	[' 0', '0', '0']	40.0	1074.0	en	MAYBE WE SHOULD CONTINUE IT TOMORROW	139	88	https://bilingualmanga.com//manga/doraemon-long-stories/chapter-1/1-19	8	139.0	Doraemon_Long_Stories	800	1290	17					
0	0	0	 yasashisa-antique, sans-serif	21.0	[' 0', '0', '0']	396.0	399.0	jp	"なんだい
さっきから
ズシズシ
いってる
のは"	147	117	https://bilingualmanga.com//manga/doraemon-long-stories/chapter-1/1-20	0		Doraemon_Long_Stories	800	1281	18					
1	1	1	 yasashisa-antique, sans-serif	21.0	[' 0', '0', '0']	145.0	399.0	jp	"ちっちゃい
地
じ
震
しん
が
はやってる
んですって"	130	117	https://bilingualmanga.com//manga/doraemon-long-stories/chapter-1/1-20	1		Doraemon_Long_Stories	800	1281	18					
2	2	2	 yasashisa-antique, sans-serif	25.0	[' 0', '0', '0']	280.0	864.0	jp	"なによ！
このガラ
クタの
山
やま
は！"	152	112	https://bilingualmanga.com//manga/doraemon-long-stories/chapter-1/1-20	2		Doraemon_Long_Stories	800	1281	18					
3	0	3	 anime-ace, sans-serif	15.0	[' 0', '0', '0']	397.0	401.0	en	WHAT WAS THAT NOISE? I'VE HEARD IT FOR A WHILE NOW	155	107	https://bilingualmanga.com//manga/doraemon-long-stories/chapter-1/1-20	0	155.0	Doraemon_Long_Stories	800	1281	18					
4	1	4	 anime-ace, sans-serif	15.0	[' 0', '0', '0']	125.0	409.0	en	PEOPLE SAY THAT THERE HAS BEEN A LITTLE EARTHQUAKE LATELY	172	107	https://bilingualmanga.com//manga/doraemon-long-stories/chapter-1/1-20	1	172.0	Doraemon_Long_Stories	800	1281	18					
5	2	5	 hl-comic2, sans-serif	22.0	[' 0', '0', '0']	257.0	850.0	en	"WHAT ARE THESE? A MOUNTAIN 
OF TRASH!!"	187	124	https://bilingualmanga.com//manga/doraemon-long-stories/chapter-1/1-20	2	187.0	Doraemon_Long_Stories	800	1281	18					
0	0	0	 yasashisa-antique, sans-serif	21.0	[' 0', '0', '0']	591.0	91.0	jp	"すぐ
もってく
から
心
しん
配
ぱい
しな
いで"	157	96	https://bilingualmanga.com//manga/doraemon-long-stories/chapter-1/1-21	0		Doraemon_Long_Stories	800	1290	19					
1	1	1	 yasashisa-antique, sans-serif	21.0	[' 0', '0', '0']	280.0	101.0	jp	"ぜんぶ
そろった
みたい"	93	96	https://bilingualmanga.com//manga/doraemon-long-stories/chapter-1/1-21	1		Doraemon_Long_Stories	800	1290	19					
2	2	2	 yasashisa-antique, sans-serif	21.0	[' 0', '0', '0']	209.0	97.0	jp	よ〜し	39	75	https://bilingualmanga.com//manga/doraemon-long-stories/chapter-1/1-21	2		Doraemon_Long_Stories	800	1290	19					
3	3	3	 yasashisa-antique, sans-serif	21.0	[' 0', '0', '0']	43.0	105.0	jp	"いっきに
組
く
み
立
た
て
よう！"	103	96	https://bilingualmanga.com//manga/doraemon-long-stories/chapter-1/1-21	3		Doraemon_Long_Stories	800	1290	19					
4	4	4	 yasashisa-antique, sans-serif	21.0	[' 0', '0', '0']	193.0	906.0	jp	"かってに
きちゃだめ！
まだなにか
送
おく
ってくる
かもしれ
ない"	184	138	https://bilingualmanga.com//manga/doraemon-long-stories/chapter-1/1-21	4		Doraemon_Long_Stories	800	1290	19					
5	0	5	 anime-ace, sans-serif	15.0	[' 0', '0', '0']	585.0	92.0	en	WE'LL REMOVE THEM AS SOON AS POSSIBLE. DON'T WORRY ABOUT IT	181	107	https://bilingualmanga.com//manga/doraemon-long-stories/chapter-1/1-21	0	181.0	Doraemon_Long_Stories	800	1290	19					
6	1	6	 anime-ace, sans-serif	15.0	[' 0', '0', '0']	272.0	115.0	en	I THINK THESE ARE ALL	107	69	https://bilingualmanga.com//manga/doraemon-long-stories/chapter-1/1-21	1	107.0	Doraemon_Long_Stories	800	1290	19					
7	2	7	 anime-ace, sans-serif	15.0	[' 0', '0', '0']	198.0	116.0	en	YES!	69	31	https://bilingualmanga.com//manga/doraemon-long-stories/chapter-1/1-21	2	69.0	Doraemon_Long_Stories	800	1290	19					
8	3	8	 anime-ace, sans-serif	15.0	[' 0', '0', '0']	21.0	108.0	en	WE CAN FINISH ASSEMBLING THEM TODAY!	135	88	https://bilingualmanga.com//manga/doraemon-long-stories/chapter-1/1-21	3	135.0	Doraemon_Long_Stories	800	1290	19					
9	4	9	 anime-ace, sans-serif	15.0	[' 0', '0', '0']	211.0	922.0	en	DON'T FOLLOW US!! THERE MIGHT BE SOME PARTS LEFT	162	88	https://bilingualmanga.com//manga/doraemon-long-stories/chapter-1/1-21	4	162.0	Doraemon_Long_Stories	800	1290	19					
0	0	0	 yasashisa-antique, sans-serif	21.0	[' 0', '0', '0']	560.0	130.0	jp	"じゃまが
入
はい
らない
よう
かたづけて
おく"	157	117	https://bilingualmanga.com//manga/doraemon-long-stories/chapter-1/1-22	0		Doraemon_Long_Stories	800	1283	20					
1	1	1	 yasashisa-antique, sans-serif	21.0	[' 0', '0', '0']	682.0	399.0	jp	"のび
ちゃあん"	66	96	https://bilingualmanga.com//manga/doraemon-long-stories/chapter-1/1-22	1		Doraemon_Long_Stories	800	1283	20					
2	2	2	 yasashisa-antique, sans-serif	21.0	[' 0', '0', '0']	452.0	406.0	jp	"そろそろ
お
庭
にわ
の
草
くさ
が
のびたから
………"	130	117	https://bilingualmanga.com//manga/doraemon-long-stories/chapter-1/1-22	2		Doraemon_Long_Stories	800	1283	20					
3	3	3	 yasashisa-antique, sans-serif	21.0	[' 0', '0', '0']	645.0	672.0	jp	"あぶない
じゃない
の！"	93	96	https://bilingualmanga.com//manga/doraemon-long-stories/chapter-1/1-22	3		Doraemon_Long_Stories	800	1283	20					
4	4	4	 yasashisa-antique, sans-serif	21.0	[' 0', '0', '0']	409.0	670.0	jp	"こんなもの
ほうりだし
ておいちゃ"	93	117	https://bilingualmanga.com//manga/doraemon-long-stories/chapter-1/1-22	4		Doraemon_Long_Stories	800	1283	20					
5	5	5	 yasashisa-antique, sans-serif	21.0	[' 0', '0', '0']	680.0	946.0	jp	"のび
太
た"	49	75	https://bilingualmanga.com//manga/doraemon-long-stories/chapter-1/1-22	5		Doraemon_Long_Stories	800	1283	20					
6	6	6	 yasashisa-antique, sans-serif	21.0	[' 0', '0', '0']	397.0	936.0	jp	"草
くさ
むしり
させようと
思
おも
ったのに
……"	140	117	https://bilingualmanga.com//manga/doraemon-long-stories/chapter-1/1-22	6		Doraemon_Long_Stories	800	1283	20					
7	0	7	 anime-ace, sans-serif	15.0	[' 0', '0', '0']	566.0	143.0	en	I'LL TAKE OUT THIS POND, SO NOBODY WILL DISTURB US	158	88	https://bilingualmanga.com//manga/doraemon-long-stories/chapter-1/1-22	0	158.0	Doraemon_Long_Stories	800	1283	20					
8	1	8	 anime-ace, sans-serif	15.0	[' 0', '0', '0']	678.0	421.0	en	NOBI-CHAN	71	50	https://bilingualmanga.com//manga/doraemon-long-stories/chapter-1/1-22	1	71.0	Doraemon_Long_Stories	800	1283	20					
9	2	9	 anime-ace, sans-serif	15.0	[' 0', '0', '0']	458.0	420.0	en	THE GRASS IN OUR GARDEN HAS GROWN	128	88	https://bilingualmanga.com//manga/doraemon-long-stories/chapter-1/1-22	2	128.0	Doraemon_Long_Stories	800	1283	20					
10	3	10	 anime-ace, sans-serif	15.0	[' 0', '0', '0']	617.0	692.0	en	"IT'S SO DANGEROUS
!!"	153	69	https://bilingualmanga.com//manga/doraemon-long-stories/chapter-1/1-22	3	153.0	Doraemon_Long_Stories	800	1283	20					
11	4	11	 anime-ace, sans-serif	15.0	[' 0', '0', '0']	410.0	678.0	en	I BETTER THROW THIS THING OUT	108	107	https://bilingualmanga.com//manga/doraemon-long-stories/chapter-1/1-22	4	108.0	Doraemon_Long_Stories	800	1283	20					
12	5	12	 anime-ace, sans-serif	15.0	[' 0', '0', '0']	640.0	969.0	en	NOBITA!!	122	31	https://bilingualmanga.com//manga/doraemon-long-stories/chapter-1/1-22	5	122.0	Doraemon_Long_Stories	800	1283	20					
13	6	13	 anime-ace, sans-serif	15.0	[' 0', '0', '0']	399.0	939.0	en	"I WAS THINKING 
TO ASK HIM WEED THE GARDEN..."	140	107	https://bilingualmanga.com//manga/doraemon-long-stories/chapter-1/1-22	6	140.0	Doraemon_Long_Stories	800	1283	20					
0	0	0	 yasashisa-antique, sans-serif	21.0	[' 0', '0', '0']	152.0	97.0	jp	"コネク
ターが
ずれない
よう…"	120	96	https://bilingualmanga.com//manga/doraemon-long-stories/chapter-1/1-23	0		Doraemon_Long_Stories	800	1286	21					
1	1	1	 yasashisa-antique, sans-serif	21.0	[' 0', '0', '0']	65.0	192.0	jp	"もうちょい
右
みぎ
…
もうちょい…
よ〜し、そのまま"	103	180	https://bilingualmanga.com//manga/doraemon-long-stories/chapter-1/1-23	1		Doraemon_Long_Stories	800	1286	21					
2	2	2	 yasashisa-antique, sans-serif	21.0	[' 0', '0', '0']	414.0	393.0	jp	"強
つよ
そうな
腕
うで
だなあ
何
なん
トンぐらい
もちあげられ
るかな"	177	138	https://bilingualmanga.com//manga/doraemon-long-stories/chapter-1/1-23	2		Doraemon_Long_Stories	800	1286	21					
3	3	3	 yasashisa-antique, sans-serif	21.0	[' 0', '0', '0']	408.0	587.0	jp	"みたことの
ない
合
ごう
金
きん
だ
どこから
きたんだろ"	130	117	https://bilingualmanga.com//manga/doraemon-long-stories/chapter-1/1-23	3		Doraemon_Long_Stories	800	1286	21					
4	4	4	 yasashisa-antique, sans-serif	21.0	[' 0', '0', '0']	220.0	388.0	jp	"ここんとこ
コンピュ
ータの
スべースだと
思
おも
うけど"	157	138	https://bilingualmanga.com//manga/doraemon-long-stories/chapter-1/1-23	4		Doraemon_Long_Stories	800	1286	21					
5	5	5	 yasashisa-antique, sans-serif	21.0	[' 0', '0', '0']	69.0	399.0	jp	"えっ、
送
おく
って
きて
ないの"	130	75	https://bilingualmanga.com//manga/doraemon-long-stories/chapter-1/1-23	5		Doraemon_Long_Stories	800	1286	21					
6	6	6	 yasashisa-antique, sans-serif	21.0	[' 0', '0', '0']	166.0	756.0	jp	"これじゃ
動
うご
かな
いよ"	103	96	https://bilingualmanga.com//manga/doraemon-long-stories/chapter-1/1-23	6		Doraemon_Long_Stories	800	1286	21					
7	7	7	 yasashisa-antique, sans-serif	21.0	[' 0', '0', '0']	34.0	757.0	jp	"ゥーン
……"	66	75	https://bilingualmanga.com//manga/doraemon-long-stories/chapter-1/1-23	7		Doraemon_Long_Stories	800	1286	21					
8	8	8	 yasashisa-antique, sans-serif	21.0	[' 0', '0', '0']	344.0	1066.0	jp	"お
金
かね
が
たりる
といい
が…"	130	75	https://bilingualmanga.com//manga/doraemon-long-stories/chapter-1/1-23	8		Doraemon_Long_Stories	800	1286	21					
9	9	9	 yasashisa-antique, sans-serif	21.0	[' 0', '0', '0']	168.0	950.0	jp	"早
はや
く
買
か
って
きてね"	113	75	https://bilingualmanga.com//manga/doraemon-long-stories/chapter-1/1-23	9		Doraemon_Long_Stories	800	1286	21					
10	10	10	 yasashisa-antique, sans-serif	20.0	[' 0', '0', '0']	497.0	944.0	jp	"よし!
思
おも
いきって
とりよせ
よう
二十二
世
せい
紀
き
の
スーパーで
バーゲン
たってるから"	266	132	https://bilingualmanga.com//manga/doraemon-long-stories/chapter-1/1-23	10		Doraemon_Long_Stories	800	1286	21					
11	0	11	 anime-ace, sans-serif	15.0	[' 0', '0', '0']	146.0	97.0	en	HEY, BE CAREFUL WITH THAT PART	124	88	https://bilingualmanga.com//manga/doraemon-long-stories/chapter-1/1-23	0	124.0	Doraemon_Long_Stories	800	1286	21					
12	1	12	 anime-ace, sans-serif	15.0	[' 0', '0', '0']	53.0	213.0	en	IT'S NOT STRAIGHT YET. MOVE IT A LITTLE BIT... A LITTLE MORE, YES, PERFECT	140	145	https://bilingualmanga.com//manga/doraemon-long-stories/chapter-1/1-23	1	140.0	Doraemon_Long_Stories	800	1286	21					
13	2	13	 anime-ace, sans-serif	15.0	[' 0', '0', '0']	427.0	407.0	en	LOOK AT THIS ARM! IT CAN CARRY TONS OF THINGS, I'M SURE	149	107	https://bilingualmanga.com//manga/doraemon-long-stories/chapter-1/1-23	2	149.0	Doraemon_Long_Stories	800	1286	21					
14	3	14	 anime-ace, sans-serif	15.0	[' 0', '0', '0']	422.0	589.0	en	I WONDER HOW FAR HE CAN GO	97	107	https://bilingualmanga.com//manga/doraemon-long-stories/chapter-1/1-23	3	97.0	Doraemon_Long_Stories	800	1286	21					
15	4	15	 anime-ace, sans-serif	15.0	[' 0', '0', '0']	232.0	405.0	en	MAYBE THERE'S A SPECIAL COMPUTER INSIDE HIM?	156	88	https://bilingualmanga.com//manga/doraemon-long-stories/chapter-1/1-23	4	156.0	Doraemon_Long_Stories	800	1286	21					
16	5	16	 anime-ace, sans-serif	15.0	[' 0', '0', '0']	73.0	399.0	en	NOPE, YOU'RE MISTAKEN	123	69	https://bilingualmanga.com//manga/doraemon-long-stories/chapter-1/1-23	5	123.0	Doraemon_Long_Stories	800	1286	21					
17	6	17	 anime-ace, sans-serif	15.0	[' 0', '0', '0']	180.0	763.0	en	SO HE CAN'T MOVE!?	88	69	https://bilingualmanga.com//manga/doraemon-long-stories/chapter-1/1-23	6	88.0	Doraemon_Long_Stories	800	1286	21					
18	7	18	 anime-ace, sans-serif	15.0	[' 0', '0', '0']	42.0	770.0	en	NG...	79	31	https://bilingualmanga.com//manga/doraemon-long-stories/chapter-1/1-23	7	79.0	Doraemon_Long_Stories	800	1286	21					
19	8	19	 anime-ace, sans-serif	15.0	[' 0', '0', '0']	519.0	951.0	en	OKAY, I'LL TRY TO GO TO THE 22ND CENTURY AND SEE IF THERE'S ANY SALE	209	88	https://bilingualmanga.com//manga/doraemon-long-stories/chapter-1/1-23	10	209.0	Doraemon_Long_Stories	800	1286	21					
20	9	20	 anime-ace, sans-serif	15.0	[' 0', '0', '0']	330.0	1065.0	en	"I MIGHT 
HAVE A LITTLE MONEY LEFT..."	152	69	https://bilingualmanga.com//manga/doraemon-long-stories/chapter-1/1-23	8	152.0	Doraemon_Long_Stories	800	1286	21					
21	10	21	 anime-ace, sans-serif	15.0	[' 0', '0', '0']	173.0	958.0	en	HURRY UP AND BUY IT THEN	99	69	https://bilingualmanga.com//manga/doraemon-long-stories/chapter-1/1-23	9	99.0	Doraemon_Long_Stories	800	1286	21					
